;[3 - 30];[5 - 61];[5 - 62];[5 - 28];[6 - 29];[6 - 63];[7 - 27];[7 - 63];[7 - 64];[7 - 65];[7 - 26];[7 - 61];[7 - 28];[7 - 58];[7 - 54];[7 - 55];[8 - 27];[8 - 65];[8 - 26];[8 - 102];[8 - 99];[8 - 101];[9 - 25];[9 - 65];[9 - 26];[9 - 72];[9 - 51];[10 - 25];[10 - 67];[11 - 23];[11 - 22];[11 - 42];[11 - 24];[11 - 47];[12 - 22];[12 - 23];[12 - 106];[12 - 110];[13 - 22];[13 - 21];[14 - 21];[14 - 110];[16 - 124];[16 - 125];[16 - 126];[16 - 114];[17 - 131];[17 - 21];[17 - 38];[18 - 125];[18 - 131];[20 - 38];[20 - 39];[20 - 40];[22 - 39];[22 - 42];[24 - 37];[24 - 50];[24 - 36];[25 - 35];[25 - 50];[26 - 35];[26 - 50];[26 - 34];[27 - 33];[28 - 33];[28 - 32];[29 - 101];[34 - 143];[35 - 54];[36 - 139];[36 - 135];[37 - 50];[38 - 135];[38 - 131];[39 - 46];[43 - 71];[44 - 71];[44 - 48];[44 - 77];[45 - 49];[47 - 51];[48 - 80];[48 - 77];[48 - 76];[49 - 53];[51 - 80];[51 - 55];[51 - 64];[51 - 81];[52 - 80];[53 - 57];[54 - 58];[55 - 59];[55 - 84];[60 - 84];[61 - 86];[62 - 87];[63 - 87];[64 - 87];[64 - 88];[64 - 89];[65 - 89];[65 - 99];[65 - 90];[66 - 88];[66 - 89];[66 - 99];[66 - 90];[66 - 72];[67 - 99];[67 - 72];[68 - 73];[69 - 73];[70 - 74];[71 - 77];[72 - 77];[72 - 88];[74 - 78];[75 - 79];[77 - 81];[79 - 83];[80 - 84];[81 - 86];[92 - 96];[99 - 103];[102 - 106];[103 - 107];[104 - 108];[105 - 109];[106 - 110];[107 - 111];[108 - 112];[109 - 113];[111 - 115];[112 - 116];[113 - 117];[114 - 118];[116 - 120];[116 - 137];[117 - 122];[118 - 122];[118 - 123];[122 - 127];[126 - 131];[127 - 131];[138 - 142];[139 - 143];[140 - 144]
[3 - 30];-;C;C;P-1;P-1;C;P-1;C;C;C;P-1;C;P-1;C;C;C;P-1;C;P-1;C;C;C;P-1;C;P-1;C;C;P-1;C;P-1;P-1;C;P-1;C;P-1;P-1;C;C;P-1;P-1;P-1;C;C;C;C;C;C;P-1;C;C;C;C;C;C;C;C;C;C;C;C;C;C;C;C;C;C;C;C;S;S;S;S;S;S;S;S;S;S;S;S;S;S;S;S;S;S;S;S;S;S;S;S;S;S;S;S;S;S;S;S;S;S;S;S;S;S;S;S;S;S;S;S;S;S;S;S;S;S;S;S;S;S;S;S;S;S;S;S;S;S;S;S;S;S;S;S;S;S;S;S;S;S;S;S;S;S;S;S;S
[5 - 61];C;-;CP;CP-1;P-1;C;P-1;C;C;C;P-1;CP-1;P-1;P-1;P-1;P-1;P-1;C;P-1;C;C;C;P-1;C;P-1;C;P-1;P-1;C;P-1;P-1;P-1;P-1;P-1;P-1;P-1;C;C;P-1;P-1;P-1;C;C;C;C;C;C;P-1;P-1;C;C;P-1;P-1;P-1;P-1;P-1;P-1;P-1;P-1;P-1;P-1;P-1;P-1;P-1;P-1;P-1;P-1;C;C;P-1;C;C;P-1;C;C;P-1;C;C;P-1;C;P-1;P-1;C;C;C;P-1;C;P-1;C;C;C;P-1;P-1;P-1;C;C;CS;S;S;S;S;S;S;S;S;S;S;S;S;S;S;S;S;S;S;S;S;S;S;S;S;S;S;S;S;S;S;S;S;S;S;S;S;S;S;S;S;S;S;S;S;S;S;S;S;S;S;S;S
[5 - 62];C;CP-1;-;CP-1;P-1;C;P-1;C;C;C;P-1;P-1;P-1;P-1;P-1;P-1;P-1;C;P-1;C;C;C;P-1;C;P-1;C;P-1;P-1;C;P-1;P-1;P-1;P-1;P-1;P-1;P-1;C;C;P-1;P-1;P-1;C;C;C;C;C;C;P-1;P-1;C;C;P-1;P-1;P-1;P-1;P-1;P-1;P-1;P-1;P-1;P-1;P-1;P-1;P-1;P-1;P-1;P-1;C;C;P-1;C;C;P-1;C;C;P-1;C;C;P-1;C;P-1;P-1;C;C;C;P-1;C;P-1;C;C;C;P-1;P-1;P-1;C;C;C;CS;S;S;S;S;S;S;S;S;S;S;S;S;S;S;S;S;S;S;S;S;S;S;S;S;S;S;S;S;S;S;S;S;S;S;S;S;S;S;S;S;S;S;S;S;S;S;S;S;S;S;S
[5 - 28];P;CP;CP;-;C;C;P-1;C;C;C;P-1;C;CP-1;C;C;C;P-1;C;P-1;C;C;C;P-1;C;P-1;C;C;P-1;C;P-1;P-1;C;P-1;C;P-1;P-1;C;C;P-1;P-1;P-1;C;C;C;C;C;C;P-1;C;C;C;C;C;C;C;C;C;C;C;C;C;C;C;C;C;CS;CS;S;S;S;S;S;S;S;S;S;S;S;S;S;S;S;S;S;S;S;S;S;S;S;S;S;S;S;S;S;S;S;S;S;S;S;S;S;S;S;S;S;S;S;S;S;S;S;S;S;S;S;S;S;S;S;S;S;S;S;S;S;S;S;S;S;S;S;S;S;S;S;S;S;S;S;S;S;S;S;S;S;S
[6 - 29];P;P;P;C;-;CP;P-1;C;C;C;P-1;C;P-1;C;C;C;P-1;C;P-1;C;C;C;P-1;C;P-1;C;C;P-1;C;P-1;P-1;C;P-1;C;P-1;P-1;C;C;P-1;P-1;P-1;C;C;C;C;C;C;P-1;C;C;C;C;C;C;C;C;C;C;C;C;C;C;C;C;C;C;C;CS;S;S;S;S;S;S;S;S;S;S;S;S;S;S;S;S;S;S;S;S;S;S;S;S;S;S;S;S;S;S;S;S;S;S;S;S;S;S;S;S;S;S;S;S;S;S;S;S;S;S;S;S;S;S;S;S;S;S;S;S;S;S;S;S;S;S;S;S;S;S;S;S;S;S;S;S;S;S;S;S;S
[6 - 63];C;C;C;C;CP-1;-;P-1;CP-1;C;C;P-1;P-1;P-1;P-1;P-1;P-1;P-1;C;P-1;C;C;C;P-1;C;P-1;C;P-1;P-1;C;P-1;P-1;P-1;P-1;P-1;P-1;P-1;C;C;P-1;P-1;P-1;C;C;C;C;C;C;P-1;P-1;C;C;P-1;P-1;P-1;P-1;P-1;P-1;P-1;P-1;P-1;P-1;P-1;P-1;P-1;P-1;P-1;P-1;C;C;P-1;C;C;P-1;C;C;P-1;C;C;P-1;C;P-1;P-1;C;C;C;P-1;C;P-1;C;C;C;P-1;P-1;P-1;C;C;C;C;CS;S;S;S;S;S;S;S;S;S;S;S;S;S;S;S;S;S;S;S;S;S;S;S;S;S;S;S;S;S;S;S;S;S;S;S;S;S;S;S;S;S;S;S;S;S;S;S;S;S;S
[7 - 27];P;P;P;P;P;P;-;CP;CP;CP;CP-1;CP;CP;CP;CP;CP;CP-1;C;P-1;C;C;C;P-1;C;P-1;C;C;P-1;C;P-1;P-1;C;P-1;C;P-1;P-1;C;C;P-1;P-1;P-1;C;C;C;C;C;C;P-1;C;C;C;C;C;C;C;C;C;C;C;C;C;C;C;C;CS;S;S;S;S;S;S;S;S;S;S;S;S;S;S;S;S;S;S;S;S;S;S;S;S;S;S;S;S;S;S;S;S;S;S;S;S;S;S;S;S;S;S;S;S;S;S;S;S;S;S;S;S;S;S;S;S;S;S;S;S;S;S;S;S;S;S;S;S;S;S;S;S;S;S;S;S;S;S;S;S;S;S;S;S
[7 - 63];C;C;C;C;C;CP;CP-1;-;CP;CP;CP-1;CP-1;CP-1;CP-1;CP-1;CP-1;P-1;C;P-1;C;C;C;P-1;C;P-1;C;P-1;P-1;C;P-1;P-1;P-1;P-1;P-1;P-1;P-1;C;C;P-1;P-1;P-1;C;C;C;C;C;C;P-1;P-1;C;C;P-1;P-1;P-1;P-1;P-1;P-1;P-1;P-1;P-1;P-1;P-1;P-1;P-1;P-1;P-1;P-1;C;C;P-1;C;C;P-1;C;C;P-1;C;C;P-1;C;P-1;P-1;C;C;C;P-1;C;P-1;C;C;C;P-1;P-1;P-1;C;C;C;C;CS;S;S;S;S;S;S;S;S;S;S;S;S;S;S;S;S;S;S;S;S;S;S;S;S;S;S;S;S;S;S;S;S;S;S;S;S;S;S;S;S;S;S;S;S;S;S;S;S;S;S
[7 - 64];C;C;C;C;C;C;CP-1;CP-1;-;CP;CP-1;CP-1;CP-1;CP-1;CP-1;CP-1;P-1;C;P-1;C;C;C;P-1;C;P-1;C;P-1;P-1;C;P-1;P-1;P-1;P-1;P-1;P-1;P-1;C;C;P-1;P-1;P-1;C;C;C;C;C;C;P-1;P-1;C;C;P-1;P-1;P-1;P-1;P-1;P-1;P-1;P-1;P-1;P-1;P-1;P-1;P-1;P-1;P-1;P-1;C;C;P-1;C;C;P-1;C;C;P-1;C;C;P-1;C;P-1;P-1;C;C;C;P-1;C;P-1;CP-1;C;C;P-1;P-1;P-1;C;C;C;C;C;CS;CS;CS;S;S;S;S;S;S;S;S;S;S;S;S;S;S;S;S;S;S;S;S;S;S;S;S;S;S;S;S;S;S;S;S;S;S;S;S;S;S;S;S;S;S;S;S;S;S;S
[7 - 65];C;C;C;C;C;C;CP-1;CP-1;CP-1;-;CP-1;CP-1;CP-1;CP-1;CP-1;CP-1;P-1;CP-1;P-1;C;C;C;P-1;CP-1;P-1;C;P-1;P-1;C;P-1;P-1;P-1;P-1;P-1;P-1;P-1;C;C;P-1;P-1;P-1;C;C;C;C;C;C;P-1;P-1;C;C;P-1;P-1;P-1;P-1;P-1;P-1;P-1;P-1;P-1;P-1;P-1;P-1;P-1;P-1;P-1;P-1;C;C;P-1;C;C;P-1;C;C;P-1;C;C;P-1;C;P-1;P-1;C;C;C;P-1;C;P-1;P-1;C;C;P-1;P-1;P-1;C;C;C;C;C;C;C;C;CS;CS;CS;S;S;S;S;S;S;S;S;S;S;S;S;S;S;S;S;S;S;S;S;S;S;S;S;S;S;S;S;S;S;S;S;S;S;S;S;S;S;S;S;S;S;S;S
[7 - 26];P;P;P;P;P;P;CP;CP;CP;CP;-;CP;CP;CP;CP;CP;C;C;CP-1;C;C;C;P-1;C;CP-1;C;C;P-1;C;P-1;P-1;C;P-1;C;P-1;P-1;C;C;P-1;P-1;P-1;C;C;C;C;C;C;P-1;C;C;C;C;C;C;C;C;C;C;C;C;C;CS;CS;CS;S;S;S;S;S;S;S;S;S;S;S;S;S;S;S;S;S;S;S;S;S;S;S;S;S;S;S;S;S;S;S;S;S;S;S;S;S;S;S;S;S;S;S;S;S;S;S;S;S;S;S;S;S;S;S;S;S;S;S;S;S;S;S;S;S;S;S;S;S;S;S;S;S;S;S;S;S;S;S;S;S;S;S;S;S
[7 - 61];C;CP;P;C;C;P;CP-1;CP;CP;CP;CP-1;-;CP-1;CP-1;CP-1;CP-1;P-1;C;P-1;C;C;C;P-1;C;P-1;C;P-1;P-1;C;P-1;P-1;P-1;P-1;P-1;P-1;P-1;C;C;P-1;P-1;P-1;C;C;C;C;C;C;P-1;P-1;C;C;P-1;P-1;P-1;P-1;P-1;P-1;P-1;P-1;P-1;P-1;P-1;P-1;P-1;P-1;P-1;P-1;C;C;P-1;C;C;P-1;C;C;P-1;C;C;P-1;C;P-1;P-1;C;C;C;P-1;C;P-1;C;C;C;P-1;P-1;P-1;C;C;CS;S;S;S;S;S;S;S;S;S;S;S;S;S;S;S;S;S;S;S;S;S;S;S;S;S;S;S;S;S;S;S;S;S;S;S;S;S;S;S;S;S;S;S;S;S;S;S;S;S;S;S;S
[7 - 28];P;P;P;CP;P;P;CP-1;CP;CP;CP;CP-1;CP;-;CP;CP;CP;P-1;C;P-1;C;C;C;P-1;C;P-1;C;C;P-1;C;P-1;P-1;C;P-1;C;P-1;P-1;C;C;P-1;P-1;P-1;C;C;C;C;C;C;P-1;C;C;C;C;C;C;C;C;C;C;C;C;C;C;C;C;C;CS;CS;S;S;S;S;S;S;S;S;S;S;S;S;S;S;S;S;S;S;S;S;S;S;S;S;S;S;S;S;S;S;S;S;S;S;S;S;S;S;S;S;S;S;S;S;S;S;S;S;S;S;S;S;S;S;S;S;S;S;S;S;S;S;S;S;S;S;S;S;S;S;S;S;S;S;S;S;S;S;S;S;S;S
[7 - 58];C;P;P;C;C;P;CP-1;CP;CP;CP;CP-1;CP;CP-1;-;CP-1;CP-1;P-1;C;P-1;C;C;C;P-1;C;P-1;C;P-1;P-1;C;P-1;P-1;P-1;P-1;P-1;P-1;P-1;C;C;P-1;P-1;P-1;C;C;C;C;C;C;P-1;P-1;C;C;P-1;P-1;P-1;P-1;P-1;P-1;P-1;P-1;P-1;P-1;P-1;P-1;P-1;P-1;P-1;P-1;C;C;P-1;C;C;P-1;C;C;P-1;C;C;P-1;C;P-1;P-1;C;C;C;P-1;C;P-1;C;C;C;P-1;CP-1;C;C;S;S;S;S;S;S;S;S;S;S;S;S;S;S;S;S;S;S;S;S;S;S;S;S;S;S;S;S;S;S;S;S;S;S;S;S;S;S;S;S;S;S;S;S;S;S;S;S;S;S;S;S;S;S
[7 - 54];C;P;P;C;C;P;CP-1;CP;CP;CP;CP-1;CP;CP-1;CP;-;CP;P-1;C;P-1;C;C;C;P-1;C;P-1;C;P-1;P-1;C;P-1;P-1;P-1;P-1;P-1;P-1;P-1;C;C;P-1;P-1;P-1;C;C;C;C;C;C;P-1;P-1;C;C;P-1;P-1;P-1;P-1;P-1;P-1;P-1;P-1;P-1;P-1;P-1;P-1;P-1;P-1;P-1;P-1;C;C;CP-1;C;C;P-1;C;C;P-1;C;C;P-1;C;P-1;P-1;C;C;C;P-1;C;C;C;C;C;C;CS;S;S;S;S;S;S;S;S;S;S;S;S;S;S;S;S;S;S;S;S;S;S;S;S;S;S;S;S;S;S;S;S;S;S;S;S;S;S;S;S;S;S;S;S;S;S;S;S;S;S;S;S;S;S;S;S
[7 - 55];C;P;P;C;C;P;CP-1;CP;CP;CP;CP-1;CP;CP-1;CP;CP-1;-;P-1;C;P-1;C;C;C;P-1;C;P-1;C;P-1;P-1;C;P-1;P-1;P-1;P-1;P-1;P-1;P-1;C;C;P-1;P-1;P-1;C;C;C;C;C;C;P-1;P-1;C;C;P-1;P-1;P-1;P-1;P-1;P-1;P-1;P-1;P-1;P-1;P-1;P-1;P-1;P-1;P-1;P-1;C;C;P-1;C;C;P-1;C;C;P-1;C;C;P-1;C;P-1;P-1;C;C;C;P-1;C;CP-1;C;C;C;C;C;CS;CS;S;S;S;S;S;S;S;S;S;S;S;S;S;S;S;S;S;S;S;S;S;S;S;S;S;S;S;S;S;S;S;S;S;S;S;S;S;S;S;S;S;S;S;S;S;S;S;S;S;S;S;S;S;S
[8 - 27];P;P;P;P;P;P;CP;P;P;P;C;P;P;P;P;P;-;CP;CP-1;CP;CP;CP;P-1;C;P-1;C;C;P-1;C;P-1;P-1;C;P-1;C;P-1;P-1;C;C;P-1;P-1;P-1;C;C;C;C;C;C;P-1;C;C;C;C;C;C;C;C;C;C;C;C;C;C;C;C;CS;S;S;S;S;S;S;S;S;S;S;S;S;S;S;S;S;S;S;S;S;S;S;S;S;S;S;S;S;S;S;S;S;S;S;S;S;S;S;S;S;S;S;S;S;S;S;S;S;S;S;S;S;S;S;S;S;S;S;S;S;S;S;S;S;S;S;S;S;S;S;S;S;S;S;S;S;S;S;S;S;S;S;S;S
[8 - 65];C;C;C;C;C;C;C;C;C;CP;C;C;C;C;C;C;CP-1;-;CP-1;CP;CP;CP;P-1;CP-1;P-1;C;P-1;P-1;C;P-1;P-1;P-1;P-1;P-1;P-1;P-1;C;C;P-1;P-1;P-1;C;C;C;C;C;C;P-1;P-1;C;C;P-1;P-1;P-1;P-1;P-1;P-1;P-1;P-1;P-1;P-1;P-1;P-1;P-1;P-1;P-1;P-1;C;C;P-1;C;C;P-1;C;C;P-1;C;C;P-1;C;P-1;P-1;C;C;C;P-1;C;P-1;P-1;C;C;P-1;P-1;P-1;C;C;C;C;C;C;C;C;CS;CS;CS;S;S;S;S;S;S;S;S;S;S;S;S;S;S;S;S;S;S;S;S;S;S;S;S;S;S;S;S;S;S;S;S;S;S;S;S;S;S;S;S;S;S;S;S
[8 - 26];P;P;P;P;P;P;P;P;P;P;CP;P;P;P;P;P;CP;CP;-;CP;CP;CP;P-1;C;CP-1;C;C;P-1;C;P-1;P-1;C;P-1;C;P-1;P-1;C;C;P-1;P-1;P-1;C;C;C;C;C;C;P-1;C;C;C;C;C;C;C;C;C;C;C;C;C;CS;CS;CS;S;S;S;S;S;S;S;S;S;S;S;S;S;S;S;S;S;S;S;S;S;S;S;S;S;S;S;S;S;S;S;S;S;S;S;S;S;S;S;S;S;S;S;S;S;S;S;S;S;S;S;S;S;S;S;S;S;S;S;S;S;S;S;S;S;S;S;S;S;S;S;S;S;S;S;S;S;S;S;S;S;S;S;S;S
[8 - 102];C;C;C;C;C;C;C;C;C;C;C;C;C;C;C;C;CP-1;CP-1;CP-1;-;CP-1;CP-1;P-1;P-1;P-1;P-1;P-1;P-1;P-1;P-1;P-1;P-1;P-1;P-1;P-1;P-1;C;C;P-1;P-1;P-1;C;C;C;C;C;C;P-1;P-1;C;C;P-1;P-1;P-1;P-1;P-1;P-1;P-1;P-1;P-1;P-1;P-1;P-1;P-1;P-1;P-1;P-1;P-1;C;P-1;C;C;P-1;C;C;P-1;P-1;P-1;P-1;P-1;P-1;P-1;P-1;P-1;P-1;P-1;P-1;P-1;P-1;P-1;P-1;P-1;P-1;P-1;P-1;P-1;P-1;P-1;P-1;P-1;P-1;P-1;P-1;P-1;P-1;P-1;P-1;P-1;P-1;P-1;P-1;P-1;P-1;P-1;P-1;P-1;P-1;P-1;P-1;P-1;P-1;P-1;P-1;P-1;P-1;C;CS;S;S;S;S;S;S;S;S;S;S;S;S;S;S;S;S;S;S;S;S;S;S
[8 - 99];C;C;C;C;C;C;C;C;C;C;C;C;C;C;C;C;CP-1;CP-1;CP-1;CP;-;CP;P-1;P-1;P-1;P-1;P-1;P-1;P-1;P-1;P-1;P-1;P-1;P-1;P-1;P-1;C;C;P-1;P-1;P-1;C;C;C;C;C;C;P-1;P-1;C;C;P-1;P-1;P-1;P-1;P-1;P-1;P-1;P-1;P-1;P-1;P-1;P-1;P-1;P-1;P-1;P-1;C;C;P-1;C;C;P-1;C;C;P-1;P-1;P-1;P-1;P-1;P-1;P-1;P-1;P-1;P-1;P-1;P-1;P-1;P-1;P-1;P-1;P-1;P-1;P-1;P-1;P-1;P-1;P-1;P-1;P-1;P-1;P-1;P-1;CP-1;P-1;P-1;P-1;CP-1;P-1;P-1;CP-1;P-1;P-1;P-1;P-1;P-1;P-1;P-1;P-1;P-1;P-1;P-1;P-1;P-1;P-1;CS;S;S;S;S;S;S;S;S;S;S;S;S;S;S;S;S;S;S;S;S;S;S;S
[8 - 101];C;C;C;C;C;C;C;C;C;C;C;C;C;C;C;C;CP-1;CP-1;CP-1;CP;CP-1;-;P-1;P-1;P-1;P-1;P-1;P-1;P-1;P-1;P-1;P-1;P-1;P-1;P-1;P-1;C;C;P-1;P-1;P-1;C;C;C;C;C;C;P-1;P-1;C;C;P-1;P-1;P-1;P-1;P-1;P-1;P-1;P-1;P-1;P-1;P-1;P-1;P-1;P-1;P-1;P-1;CP-1;C;P-1;C;C;P-1;C;C;P-1;P-1;P-1;P-1;P-1;P-1;P-1;P-1;P-1;P-1;P-1;P-1;P-1;P-1;P-1;P-1;P-1;P-1;P-1;P-1;P-1;P-1;P-1;P-1;P-1;P-1;P-1;P-1;P-1;P-1;P-1;P-1;P-1;P-1;P-1;P-1;P-1;P-1;P-1;P-1;P-1;P-1;P-1;P-1;P-1;P-1;P-1;P-1;P-1;P-1;C;S;S;S;S;S;S;S;S;S;S;S;S;S;S;S;S;S;S;S;S;S;S;S
[9 - 25];P;P;P;P;P;P;P;P;P;P;P;P;P;P;P;P;P;P;P;P;P;P;-;CP;CP;CP;CP;CP-1;C;P-1;P-1;C;P-1;C;P-1;P-1;C;C;P-1;P-1;P-1;C;C;C;C;C;C;P-1;C;C;C;C;C;C;C;C;C;C;C;CS;CS;S;S;S;S;S;S;S;S;S;S;S;S;S;S;S;S;S;S;S;S;S;S;S;S;S;S;S;S;S;S;S;S;S;S;S;S;S;S;S;S;S;S;S;S;S;S;S;S;S;S;S;S;S;S;S;S;S;S;S;S;S;S;S;S;S;S;S;S;S;S;S;S;S;S;S;S;S;S;S;S;S;S;S;S;S;S;S;S
[9 - 65];C;C;C;C;C;C;C;C;C;CP;C;C;C;C;C;C;C;CP;C;P;P;P;CP-1;-;CP-1;CP;CP-1;P-1;C;P-1;P-1;P-1;P-1;P-1;P-1;P-1;C;C;P-1;P-1;P-1;C;C;C;C;C;C;P-1;P-1;C;C;P-1;P-1;P-1;P-1;P-1;P-1;P-1;P-1;P-1;P-1;P-1;P-1;P-1;P-1;P-1;P-1;C;C;P-1;C;C;P-1;C;C;P-1;C;C;P-1;C;P-1;P-1;C;C;C;P-1;C;P-1;P-1;C;C;P-1;P-1;P-1;C;C;C;C;C;C;C;C;CS;CS;CS;S;S;S;S;S;S;S;S;S;S;S;S;S;S;S;S;S;S;S;S;S;S;S;S;S;S;S;S;S;S;S;S;S;S;S;S;S;S;S;S;S;S;S;S
[9 - 26];P;P;P;P;P;P;P;P;P;P;CP;P;P;P;P;P;P;P;CP;P;P;P;CP-1;CP;-;CP;CP;P-1;C;P-1;P-1;C;P-1;C;P-1;P-1;C;C;P-1;P-1;P-1;C;C;C;C;C;C;P-1;C;C;C;C;C;C;C;C;C;C;C;C;C;CS;CS;CS;S;S;S;S;S;S;S;S;S;S;S;S;S;S;S;S;S;S;S;S;S;S;S;S;S;S;S;S;S;S;S;S;S;S;S;S;S;S;S;S;S;S;S;S;S;S;S;S;S;S;S;S;S;S;S;S;S;S;S;S;S;S;S;S;S;S;S;S;S;S;S;S;S;S;S;S;S;S;S;S;S;S;S;S;S
[9 - 72];C;C;C;C;C;C;C;C;C;C;C;C;C;C;C;C;C;C;C;P;P;P;CP-1;CP-1;CP-1;-;CP-1;P-1;P-1;P-1;P-1;P-1;P-1;P-1;P-1;P-1;C;C;P-1;P-1;P-1;C;C;C;C;C;C;P-1;P-1;C;C;P-1;P-1;P-1;P-1;P-1;P-1;P-1;P-1;P-1;P-1;P-1;P-1;P-1;P-1;P-1;P-1;C;C;P-1;C;C;P-1;C;C;P-1;P-1;P-1;P-1;C;P-1;P-1;C;C;C;P-1;C;P-1;P-1;C;C;P-1;P-1;P-1;C;C;C;C;C;C;C;C;C;C;C;C;C;C;C;CP-1;C;CP-1;C;C;C;C;CS;CS;S;S;S;S;S;S;S;S;S;S;S;S;S;S;S;S;S;S;S;S;S;S;S;S;S;S;S;S;S;S;S
[9 - 51];C;P;P;C;C;P;C;P;P;P;C;P;C;P;P;P;C;P;C;P;P;P;CP-1;CP;CP-1;CP;-;P-1;C;P-1;P-1;P-1;P-1;P-1;P-1;P-1;C;C;P-1;P-1;P-1;C;C;C;C;C;C;P-1;P-1;C;C;P-1;P-1;P-1;P-1;P-1;P-1;P-1;P-1;P-1;P-1;P-1;P-1;P-1;P-1;P-1;P-1;C;C;C;C;C;P-1;C;C;P-1;C;C;P-1;C;P-1;CP-1;C;C;C;C;CS;CS;CS;CS;S;S;S;S;S;S;S;S;S;S;S;S;S;S;S;S;S;S;S;S;S;S;S;S;S;S;S;S;S;S;S;S;S;S;S;S;S;S;S;S;S;S;S;S;S;S;S;S;S;S;S;S;S;S;S;S;S;S;S
[10 - 25];P;P;P;P;P;P;P;P;P;P;P;P;P;P;P;P;P;P;P;P;P;P;CP;P;P;P;P;-;CP;P-1;P-1;C;P-1;C;P-1;P-1;C;C;P-1;P-1;P-1;C;C;C;C;C;C;P-1;C;C;C;C;C;C;C;C;C;C;C;CS;CS;S;S;S;S;S;S;S;S;S;S;S;S;S;S;S;S;S;S;S;S;S;S;S;S;S;S;S;S;S;S;S;S;S;S;S;S;S;S;S;S;S;S;S;S;S;S;S;S;S;S;S;S;S;S;S;S;S;S;S;S;S;S;S;S;S;S;S;S;S;S;S;S;S;S;S;S;S;S;S;S;S;S;S;S;S;S;S;S
[10 - 67];C;C;C;C;C;C;C;C;C;C;C;C;C;C;C;C;C;C;C;P;P;P;C;C;C;P;C;CP-1;-;P-1;P-1;P-1;P-1;P-1;P-1;P-1;C;C;P-1;P-1;P-1;C;C;C;C;C;C;P-1;P-1;C;C;P-1;P-1;P-1;P-1;P-1;P-1;P-1;P-1;P-1;P-1;P-1;P-1;P-1;P-1;P-1;P-1;C;C;P-1;C;C;P-1;C;C;P-1;C;C;P-1;C;P-1;P-1;C;C;C;P-1;C;P-1;P-1;C;C;P-1;P-1;P-1;C;C;C;C;C;C;C;C;C;C;C;C;C;C;C;C;CS;CS;S;S;S;S;S;S;S;S;S;S;S;S;S;S;S;S;S;S;S;S;S;S;S;S;S;S;S;S;S;S;S;S;S;S;S;S;S
[11 - 23];P;P;P;P;P;P;P;P;P;P;P;P;P;P;P;P;P;P;P;P;P;P;P;P;P;P;P;P;P;-;CP-1;CP;CP;CP;P-1;CP-1;C;C;P-1;P-1;P-1;C;C;C;C;C;C;P-1;C;C;C;C;C;C;C;C;S;S;S;S;S;S;S;S;S;S;S;S;S;S;S;S;S;S;S;S;S;S;S;S;S;S;S;S;S;S;S;S;S;S;S;S;S;S;S;S;S;S;S;S;S;S;S;S;S;S;S;S;S;S;S;S;S;S;S;S;S;S;S;S;S;S;S;S;S;S;S;S;S;S;S;S;S;S;S;S;S;S;S;S;S;S;S;S;S;S;S;S;S
[11 - 22];P;P;P;P;P;P;P;P;P;P;P;P;P;P;P;P;P;P;P;P;P;P;P;P;P;P;P;P;P;CP;-;CP;CP;CP;CP-1;C;C;C;CP-1;P-1;P-1;C;C;C;C;C;C;P-1;C;C;C;C;C;C;CS;CS;S;S;S;S;S;S;S;S;S;S;S;S;S;S;S;S;S;S;S;S;S;S;S;S;S;S;S;S;S;S;S;S;S;S;S;S;S;S;S;S;S;S;S;S;S;S;S;S;S;S;S;S;S;S;S;S;S;S;S;S;S;S;S;S;S;S;S;S;S;S;S;S;S;S;S;S;S;S;S;S;S;S;S;S;S;S;S;S;S;S;S;S;S
[11 - 42];C;P;P;C;C;P;C;P;P;P;C;P;C;P;P;P;C;P;C;P;P;P;C;P;C;P;P;C;P;CP-1;CP-1;-;CP-1;CP;P-1;P-1;C;C;P-1;P-1;P-1;C;C;C;C;C;C;P-1;P-1;C;C;P-1;P-1;P-1;P-1;CP-1;P-1;C;P-1;P-1;C;P-1;C;P-1;P-1;P-1;P-1;C;C;C;C;C;C;C;C;C;S;S;S;S;S;S;S;S;S;S;S;S;S;S;S;S;S;S;S;S;S;S;S;S;S;S;S;S;S;S;S;S;S;S;S;S;S;S;S;S;S;S;S;S;S;S;S;S;S;S;S;S;S;S;S;S;S;S;S;S;S;S;S;S;S;S;S;S;S;S;S;S;S
[11 - 24];P;P;P;P;P;P;P;P;P;P;P;P;P;P;P;P;P;P;P;P;P;P;P;P;P;P;P;P;P;CP-1;CP-1;CP;-;CP;P-1;P-1;C;C;P-1;P-1;P-1;C;C;C;C;C;C;P-1;C;C;C;C;C;C;C;C;CS;CS;CS;S;S;S;S;S;S;S;S;S;S;S;S;S;S;S;S;S;S;S;S;S;S;S;S;S;S;S;S;S;S;S;S;S;S;S;S;S;S;S;S;S;S;S;S;S;S;S;S;S;S;S;S;S;S;S;S;S;S;S;S;S;S;S;S;S;S;S;S;S;S;S;S;S;S;S;S;S;S;S;S;S;S;S;S;S;S;S;S;S;S
[11 - 47];C;P;P;C;C;P;C;P;P;P;C;P;C;P;P;P;C;P;C;P;P;P;C;P;C;P;P;C;P;CP-1;CP-1;CP-1;CP-1;-;P-1;P-1;C;C;P-1;P-1;P-1;C;C;C;C;C;C;P-1;P-1;C;C;P-1;P-1;P-1;P-1;P-1;P-1;C;P-1;P-1;C;P-1;C;P-1;P-1;P-1;P-1;C;C;C;C;C;C;C;C;P-1;C;C;C;C;C;CS;S;S;S;S;S;S;S;S;S;S;S;S;S;S;S;S;S;S;S;S;S;S;S;S;S;S;S;S;S;S;S;S;S;S;S;S;S;S;S;S;S;S;S;S;S;S;S;S;S;S;S;S;S;S;S;S;S;S;S;S;S;S;S;S;S;S;S
[12 - 22];P;P;P;P;P;P;P;P;P;P;P;P;P;P;P;P;P;P;P;P;P;P;P;P;P;P;P;P;P;P;CP;P;P;P;-;CP;CP;CP;CP-1;P-1;P-1;C;C;C;C;C;C;P-1;C;C;C;C;C;C;CS;CS;S;S;S;S;S;S;S;S;S;S;S;S;S;S;S;S;S;S;S;S;S;S;S;S;S;S;S;S;S;S;S;S;S;S;S;S;S;S;S;S;S;S;S;S;S;S;S;S;S;S;S;S;S;S;S;S;S;S;S;S;S;S;S;S;S;S;S;S;S;S;S;S;S;S;S;S;S;S;S;S;S;S;S;S;S;S;S;S;S;S;S;S;S
[12 - 23];P;P;P;P;P;P;P;P;P;P;P;P;P;P;P;P;P;P;P;P;P;P;P;P;P;P;P;P;P;CP;C;P;P;P;CP-1;-;CP;CP;P-1;P-1;P-1;C;C;C;C;C;C;P-1;C;C;C;C;C;C;C;C;S;S;S;S;S;S;S;S;S;S;S;S;S;S;S;S;S;S;S;S;S;S;S;S;S;S;S;S;S;S;S;S;S;S;S;S;S;S;S;S;S;S;S;S;S;S;S;S;S;S;S;S;S;S;S;S;S;S;S;S;S;S;S;S;S;S;S;S;S;S;S;S;S;S;S;S;S;S;S;S;S;S;S;S;S;S;S;S;S;S;S;S;S
[12 - 106];C;C;C;C;C;C;C;C;C;C;C;C;C;C;C;C;C;C;C;C;C;C;C;C;C;C;C;C;C;C;C;C;C;C;CP-1;CP-1;-;CP;P-1;P-1;P-1;C;C;C;C;C;C;P-1;P-1;C;C;P-1;P-1;P-1;P-1;P-1;P-1;P-1;P-1;P-1;P-1;P-1;P-1;P-1;P-1;P-1;P-1;P-1;C;P-1;C;C;P-1;C;C;P-1;P-1;P-1;P-1;P-1;P-1;P-1;P-1;P-1;P-1;P-1;P-1;P-1;P-1;P-1;P-1;P-1;P-1;P-1;P-1;P-1;P-1;P-1;P-1;P-1;P-1;P-1;P-1;P-1;P-1;P-1;P-1;P-1;P-1;P-1;P-1;P-1;P-1;P-1;P-1;P-1;P-1;P-1;P-1;P-1;P-1;P-1;P-1;P-1;P-1;P-1;CP-1;C;C;C;CS;S;S;S;S;S;S;S;S;S;S;S;S;S;S;S;S;S;S
[12 - 110];C;C;C;C;C;C;C;C;C;C;C;C;C;C;C;C;C;C;C;C;C;C;C;C;C;C;C;C;C;C;C;C;C;C;CP-1;CP-1;CP-1;-;P-1;P-1;P-1;CP-1;C;C;C;C;C;P-1;P-1;C;C;P-1;P-1;P-1;P-1;P-1;P-1;P-1;P-1;P-1;P-1;P-1;P-1;P-1;P-1;P-1;P-1;P-1;C;P-1;C;C;P-1;C;C;P-1;P-1;P-1;P-1;P-1;P-1;P-1;P-1;P-1;P-1;P-1;P-1;P-1;P-1;P-1;P-1;P-1;P-1;P-1;P-1;P-1;P-1;P-1;P-1;P-1;P-1;P-1;P-1;P-1;P-1;P-1;P-1;P-1;P-1;P-1;P-1;P-1;P-1;P-1;P-1;P-1;P-1;P-1;P-1;P-1;P-1;P-1;P-1;P-1;P-1;P-1;P-1;P-1;P-1;P-1;CP-1;C;C;C;S;S;S;S;S;S;S;S;S;S;S;S;S;S;S
[13 - 22];P;P;P;P;P;P;P;P;P;P;P;P;P;P;P;P;P;P;P;P;P;P;P;P;P;P;P;P;P;P;CP;P;P;P;CP;P;P;P;-;CP-1;P-1;C;C;C;C;C;C;P-1;C;C;C;C;C;C;CS;CS;S;S;S;S;S;S;S;S;S;S;S;S;S;S;S;S;S;S;S;S;S;S;S;S;S;S;S;S;S;S;S;S;S;S;S;S;S;S;S;S;S;S;S;S;S;S;S;S;S;S;S;S;S;S;S;S;S;S;S;S;S;S;S;S;S;S;S;S;S;S;S;S;S;S;S;S;S;S;S;S;S;S;S;S;S;S;S;S;S;S;S;S;S
[13 - 21];P;P;P;P;P;P;P;P;P;P;P;P;P;P;P;P;P;P;P;P;P;P;P;P;P;P;P;P;P;P;P;P;P;P;P;P;P;P;CP;-;CP-1;C;C;C;C;C;C;CP-1;C;C;C;C;C;C;S;S;S;S;S;S;S;S;S;S;S;S;S;S;S;S;S;S;S;S;S;S;S;S;S;S;S;S;S;S;S;S;S;S;S;S;S;S;S;S;S;S;S;S;S;S;S;S;S;S;S;S;S;S;S;S;S;S;S;S;S;S;S;S;S;S;S;S;S;S;S;S;S;S;S;S;S;S;S;S;S;S;S;S;S;S;S;S;S;S;S;S;S;S;S
[14 - 21];P;P;P;P;P;P;P;P;P;P;P;P;P;P;P;P;P;P;P;P;P;P;P;P;P;P;P;P;P;P;P;P;P;P;P;P;P;P;P;CP;-;CP;C;C;C;C;C;CP-1;C;C;C;C;C;C;S;S;S;S;S;S;S;S;S;S;S;S;S;S;S;S;S;S;S;S;S;S;S;S;S;S;S;S;S;S;S;S;S;S;S;S;S;S;S;S;S;S;S;S;S;S;S;S;S;S;S;S;S;S;S;S;S;S;S;S;S;S;S;S;S;S;S;S;S;S;S;S;S;S;S;S;S;S;S;S;S;S;S;S;S;S;S;S;S;S;S;S;S;S;S
[14 - 110];C;C;C;C;C;C;C;C;C;C;C;C;C;C;C;C;C;C;C;C;C;C;C;C;C;C;C;C;C;C;C;C;C;C;C;C;C;CP;C;C;CP-1;-;C;C;C;C;C;P-1;P-1;C;C;P-1;P-1;P-1;P-1;P-1;P-1;P-1;P-1;P-1;P-1;P-1;P-1;P-1;P-1;P-1;P-1;P-1;C;P-1;C;C;P-1;C;C;P-1;P-1;P-1;P-1;P-1;P-1;P-1;P-1;P-1;P-1;P-1;P-1;P-1;P-1;P-1;P-1;P-1;P-1;P-1;P-1;P-1;P-1;P-1;P-1;P-1;P-1;P-1;P-1;P-1;P-1;P-1;P-1;P-1;P-1;P-1;P-1;P-1;P-1;P-1;P-1;P-1;P-1;P-1;P-1;P-1;P-1;P-1;P-1;P-1;P-1;P-1;P-1;P-1;P-1;P-1;CP-1;C;C;C;S;S;S;S;S;S;S;S;S;S;S;S;S;S;S
[16 - 124];C;C;C;C;C;C;C;C;C;C;C;C;C;C;C;C;C;C;C;C;C;C;C;C;C;C;C;C;C;C;C;C;C;C;C;C;C;C;C;C;C;C;-;CP;CP;CP-1;C;P-1;P-1;C;C;P-1;P-1;P-1;P-1;P-1;P-1;P-1;P-1;P-1;P-1;P-1;P-1;P-1;P-1;P-1;P-1;P-1;C;P-1;C;C;P-1;C;C;P-1;P-1;P-1;P-1;P-1;P-1;P-1;P-1;P-1;P-1;P-1;P-1;P-1;P-1;P-1;P-1;P-1;P-1;P-1;P-1;P-1;P-1;P-1;P-1;P-1;P-1;P-1;P-1;P-1;P-1;P-1;P-1;P-1;P-1;P-1;P-1;P-1;P-1;P-1;P-1;P-1;P-1;P-1;P-1;P-1;P-1;P-1;P-1;P-1;P-1;P-1;P-1;P-1;P-1;P-1;P-1;P-1;P-1;P-1;P-1;P-1;P-1;P-1;P-1;C;P-1;P-1;P-1;C;S;S;S;S;S
[16 - 125];C;C;C;C;C;C;C;C;C;C;C;C;C;C;C;C;C;C;C;C;C;C;C;C;C;C;C;C;C;C;C;C;C;C;C;C;C;C;C;C;C;C;CP-1;-;CP;CP-1;C;P-1;P-1;CP-1;C;P-1;P-1;P-1;P-1;P-1;P-1;P-1;P-1;P-1;P-1;P-1;P-1;P-1;P-1;P-1;P-1;P-1;C;P-1;C;C;P-1;C;C;P-1;P-1;P-1;P-1;P-1;P-1;P-1;P-1;P-1;P-1;P-1;P-1;P-1;P-1;P-1;P-1;P-1;P-1;P-1;P-1;P-1;P-1;P-1;P-1;P-1;P-1;P-1;P-1;P-1;P-1;P-1;P-1;P-1;P-1;P-1;P-1;P-1;P-1;P-1;P-1;P-1;P-1;P-1;P-1;P-1;P-1;P-1;P-1;P-1;P-1;P-1;P-1;P-1;P-1;P-1;P-1;P-1;P-1;P-1;P-1;P-1;P-1;P-1;P-1;C;P-1;P-1;P-1;C;S;S;S;S;S
[16 - 126];C;C;C;C;C;C;C;C;C;C;C;C;C;C;C;C;C;C;C;C;C;C;C;C;C;C;C;C;C;C;C;C;C;C;C;C;C;C;C;C;C;C;CP-1;CP-1;-;CP-1;C;P-1;P-1;P-1;C;P-1;P-1;P-1;P-1;P-1;P-1;P-1;P-1;P-1;P-1;P-1;P-1;P-1;P-1;P-1;P-1;P-1;C;P-1;C;C;P-1;C;C;P-1;P-1;P-1;P-1;P-1;P-1;P-1;P-1;P-1;P-1;P-1;P-1;P-1;P-1;P-1;P-1;P-1;P-1;P-1;P-1;P-1;P-1;P-1;P-1;P-1;P-1;P-1;P-1;P-1;P-1;P-1;P-1;P-1;P-1;P-1;P-1;P-1;P-1;P-1;P-1;P-1;P-1;P-1;P-1;P-1;P-1;P-1;P-1;P-1;P-1;P-1;P-1;P-1;P-1;P-1;P-1;P-1;P-1;P-1;P-1;P-1;P-1;P-1;P-1;C;P-1;P-1;P-1;C;CS;S;S;S;S
[16 - 114];C;C;C;C;C;C;C;C;C;C;C;C;C;C;C;C;C;C;C;C;C;C;C;C;C;C;C;C;C;C;C;C;C;C;C;C;C;C;C;C;C;C;CP;CP;CP;-;C;P-1;P-1;C;C;P-1;P-1;P-1;P-1;P-1;P-1;P-1;P-1;P-1;P-1;P-1;P-1;P-1;P-1;P-1;P-1;P-1;C;P-1;C;C;P-1;C;C;P-1;P-1;P-1;P-1;P-1;P-1;P-1;P-1;P-1;P-1;P-1;P-1;P-1;P-1;P-1;P-1;P-1;P-1;P-1;P-1;P-1;P-1;P-1;P-1;P-1;P-1;P-1;P-1;P-1;P-1;P-1;P-1;P-1;P-1;P-1;P-1;P-1;P-1;P-1;P-1;P-1;P-1;P-1;P-1;P-1;P-1;P-1;P-1;P-1;P-1;P-1;P-1;P-1;P-1;P-1;P-1;P-1;P-1;P-1;C;C;C;CS;S;S;S;S;S;S;S;S;S;S;S
[17 - 131];C;C;C;C;C;C;C;C;C;C;C;C;C;C;C;C;C;C;C;C;C;C;C;C;C;C;C;C;C;C;C;C;C;C;C;C;C;C;C;C;C;C;C;C;C;C;-;CP-1;CP-1;P-1;CP-1;P-1;P-1;P-1;P-1;P-1;P-1;P-1;P-1;P-1;P-1;P-1;P-1;P-1;P-1;P-1;P-1;P-1;C;P-1;C;C;P-1;C;CP-1;P-1;P-1;P-1;P-1;P-1;P-1;P-1;P-1;P-1;P-1;P-1;P-1;P-1;P-1;P-1;P-1;P-1;P-1;P-1;P-1;P-1;P-1;P-1;P-1;P-1;P-1;P-1;P-1;P-1;P-1;P-1;P-1;P-1;P-1;P-1;P-1;P-1;P-1;P-1;P-1;P-1;P-1;P-1;P-1;P-1;P-1;P-1;P-1;P-1;P-1;P-1;P-1;P-1;P-1;P-1;P-1;P-1;P-1;P-1;P-1;P-1;P-1;P-1;P-1;C;P-1;P-1;P-1;P-1;CP-1;CP-1;S;S;S
[17 - 21];P;P;P;P;P;P;P;P;P;P;P;P;P;P;P;P;P;P;P;P;P;P;P;P;P;P;P;P;P;P;P;P;P;P;P;P;P;P;P;CP;CP;P;P;P;P;P;CP;-;CP;C;C;C;C;C;S;S;S;S;S;S;S;S;S;S;S;S;S;S;S;S;S;S;S;S;S;S;S;S;S;S;S;S;S;S;S;S;S;S;S;S;S;S;S;S;S;S;S;S;S;S;S;S;S;S;S;S;S;S;S;S;S;S;S;S;S;S;S;S;S;S;S;S;S;S;S;S;S;S;S;S;S;S;S;S;S;S;S;S;S;S;S;S;S;S;S;S;S;S;S
[17 - 38];C;P;P;C;C;P;C;P;P;P;C;P;C;P;P;P;C;P;C;P;P;P;C;P;C;P;P;C;P;C;C;P;C;P;C;C;P;P;C;C;C;P;P;P;P;P;CP;CP-1;-;C;C;CP-1;C;C;C;C;P-1;C;P-1;P-1;C;P-1;C;P-1;P-1;P-1;P-1;C;C;C;C;C;C;CS;CS;S;S;S;S;S;S;S;S;S;S;S;S;S;S;S;S;S;S;S;S;S;S;S;S;S;S;S;S;S;S;S;S;S;S;S;S;S;S;S;S;S;S;S;S;S;S;S;S;S;S;S;S;S;S;S;S;S;S;S;S;S;S;S;S;S;S;S;S;S;S;S;S;S;S
[18 - 125];C;C;C;C;C;C;C;C;C;C;C;C;C;C;C;C;C;C;C;C;C;C;C;C;C;C;C;C;C;C;C;C;C;C;C;C;C;C;C;C;C;C;C;CP;P;C;P;C;C;-;CP;P-1;P-1;P-1;P-1;P-1;P-1;P-1;P-1;P-1;P-1;P-1;P-1;P-1;P-1;P-1;P-1;P-1;C;P-1;C;C;P-1;C;C;P-1;P-1;P-1;P-1;P-1;P-1;P-1;P-1;P-1;P-1;P-1;P-1;P-1;P-1;P-1;P-1;P-1;P-1;P-1;P-1;P-1;P-1;P-1;P-1;P-1;P-1;P-1;P-1;P-1;P-1;P-1;P-1;P-1;P-1;P-1;P-1;P-1;P-1;P-1;P-1;P-1;P-1;P-1;P-1;P-1;P-1;P-1;P-1;P-1;P-1;P-1;P-1;P-1;P-1;P-1;P-1;P-1;P-1;P-1;P-1;P-1;P-1;P-1;P-1;C;P-1;P-1;P-1;C;S;S;S;S;S
[18 - 131];C;C;C;C;C;C;C;C;C;C;C;C;C;C;C;C;C;C;C;C;C;C;C;C;C;C;C;C;C;C;C;C;C;C;C;C;C;C;C;C;C;C;C;C;C;C;CP;C;C;CP-1;-;P-1;P-1;P-1;P-1;P-1;P-1;P-1;P-1;P-1;P-1;P-1;P-1;P-1;P-1;P-1;P-1;P-1;C;P-1;C;C;P-1;C;CP-1;P-1;P-1;P-1;P-1;P-1;P-1;P-1;P-1;P-1;P-1;P-1;P-1;P-1;P-1;P-1;P-1;P-1;P-1;P-1;P-1;P-1;P-1;P-1;P-1;P-1;P-1;P-1;P-1;P-1;P-1;P-1;P-1;P-1;P-1;P-1;P-1;P-1;P-1;P-1;P-1;P-1;P-1;P-1;P-1;P-1;P-1;P-1;P-1;P-1;P-1;P-1;P-1;P-1;P-1;P-1;P-1;P-1;P-1;P-1;P-1;P-1;P-1;P-1;P-1;C;P-1;P-1;P-1;P-1;CP-1;CP-1;S;S;S
[20 - 38];C;P;P;C;C;P;C;P;P;P;C;P;C;P;P;P;C;P;C;P;P;P;C;P;C;P;P;C;P;C;C;P;C;P;C;C;P;P;C;C;C;P;P;P;P;P;P;C;CP;P;P;-;CP;CP;C;C;P-1;C;P-1;P-1;C;P-1;C;P-1;P-1;P-1;P-1;C;C;C;C;C;C;CS;CS;S;S;S;S;S;S;S;S;S;S;S;S;S;S;S;S;S;S;S;S;S;S;S;S;S;S;S;S;S;S;S;S;S;S;S;S;S;S;S;S;S;S;S;S;S;S;S;S;S;S;S;S;S;S;S;S;S;S;S;S;S;S;S;S;S;S;S;S;S;S;S;S;S;S
[20 - 39];C;P;P;C;C;P;C;P;P;P;C;P;C;P;P;P;C;P;C;P;P;P;C;P;C;P;P;C;P;C;C;P;C;P;C;C;P;P;C;C;C;P;P;P;P;P;P;C;C;P;P;CP-1;-;CP;CP-1;C;P-1;C;P-1;P-1;C;P-1;C;P-1;P-1;P-1;P-1;C;C;C;C;C;C;C;C;CS;S;S;S;S;S;S;S;S;S;S;S;S;S;S;S;S;S;S;S;S;S;S;S;S;S;S;S;S;S;S;S;S;S;S;S;S;S;S;S;S;S;S;S;S;S;S;S;S;S;S;S;S;S;S;S;S;S;S;S;S;S;S;S;S;S;S;S;S;S;S;S;S;S
[20 - 40];C;P;P;C;C;P;C;P;P;P;C;P;C;P;P;P;C;P;C;P;P;P;C;P;C;P;P;C;P;C;C;P;C;P;C;C;P;P;C;C;C;P;P;P;P;P;P;C;C;P;P;CP-1;CP-1;-;P-1;C;P-1;C;P-1;P-1;C;P-1;C;P-1;P-1;P-1;P-1;C;C;C;C;C;C;C;C;C;S;S;S;S;S;S;S;S;S;S;S;S;S;S;S;S;S;S;S;S;S;S;S;S;S;S;S;S;S;S;S;S;S;S;S;S;S;S;S;S;S;S;S;S;S;S;S;S;S;S;S;S;S;S;S;S;S;S;S;S;S;S;S;S;S;S;S;S;S;S;S;S;S
[22 - 39];C;P;P;C;C;P;C;P;P;P;C;P;C;P;P;P;C;P;C;P;P;P;C;P;C;P;P;C;P;C;CS;P;C;P;CS;C;P;P;CS;S;S;P;P;P;P;P;P;S;C;P;P;C;CP;P;-;CP;P-1;C;P-1;P-1;C;P-1;C;P-1;P-1;P-1;P-1;C;C;C;C;C;C;C;C;CS;S;S;S;S;S;S;S;S;S;S;S;S;S;S;S;S;S;S;S;S;S;S;S;S;S;S;S;S;S;S;S;S;S;S;S;S;S;S;S;S;S;S;S;S;S;S;S;S;S;S;S;S;S;S;S;S;S;S;S;S;S;S;S;S;S;S;S;S;S;S;S;S;S
[22 - 42];C;P;P;C;C;P;C;P;P;P;C;P;C;P;P;P;C;P;C;P;P;P;C;P;C;P;P;C;P;C;CS;CP;C;P;CS;C;P;P;CS;S;S;P;P;P;P;P;P;S;C;P;P;C;C;C;CP-1;-;P-1;C;P-1;P-1;C;P-1;C;P-1;P-1;P-1;P-1;C;C;C;C;C;C;C;C;C;S;S;S;S;S;S;S;S;S;S;S;S;S;S;S;S;S;S;S;S;S;S;S;S;S;S;S;S;S;S;S;S;S;S;S;S;S;S;S;S;S;S;S;S;S;S;S;S;S;S;S;S;S;S;S;S;S;S;S;S;S;S;S;S;S;S;S;S;S;S;S;S;S
[24 - 37];C;P;P;C;C;P;C;P;P;P;C;P;C;P;P;P;C;P;C;P;P;P;C;P;C;P;P;C;P;S;S;P;CS;P;S;S;P;P;S;S;S;P;P;P;P;P;P;S;P;P;P;P;P;P;P;P;-;CP;CP-1;P-1;C;P-1;C;P-1;P-1;P-1;P-1;C;C;C;C;C;CS;S;S;S;S;S;S;S;S;S;S;S;S;S;S;S;S;S;S;S;S;S;S;S;S;S;S;S;S;S;S;S;S;S;S;S;S;S;S;S;S;S;S;S;S;S;S;S;S;S;S;S;S;S;S;S;S;S;S;S;S;S;S;S;S;S;S;S;S;S;S;S;S;S;S;S;S
[24 - 50];C;P;P;C;C;P;C;P;P;P;C;P;C;P;P;P;C;P;C;P;P;P;C;P;C;P;P;C;P;S;S;C;CS;C;S;S;P;P;S;S;S;P;P;P;P;P;P;S;C;P;P;C;C;C;C;C;CP-1;-;CP-1;P-1;CP-1;P-1;CP-1;P-1;P-1;P-1;P-1;C;C;C;C;C;CP-1;C;C;P-1;C;C;P-1;C;P-1;C;C;C;C;C;S;S;S;S;S;S;S;S;S;S;S;S;S;S;S;S;S;S;S;S;S;S;S;S;S;S;S;S;S;S;S;S;S;S;S;S;S;S;S;S;S;S;S;S;S;S;S;S;S;S;S;S;S;S;S;S;S;S;S;S;S;S;S
[24 - 36];C;P;P;C;C;P;C;P;P;P;C;P;C;P;P;P;C;P;C;P;P;P;C;P;C;P;P;C;P;S;S;P;CS;P;S;S;P;P;S;S;S;P;P;P;P;P;P;S;P;P;P;P;P;P;P;P;CP;CP;-;P-1;C;P-1;C;P-1;P-1;P-1;P-1;C;C;C;CS;CS;S;S;S;S;S;S;S;S;S;S;S;S;S;S;S;S;S;S;S;S;S;S;S;S;S;S;S;S;S;S;S;S;S;S;S;S;S;S;S;S;S;S;S;S;S;S;S;S;S;S;S;S;S;S;S;S;S;S;S;S;S;S;S;S;S;S;S;S;S;S;S;S;S;S;S;S;S
[25 - 35];C;P;P;C;C;P;C;P;P;P;C;P;C;P;P;P;C;P;C;P;P;P;CS;P;C;P;P;CS;P;S;S;P;S;P;S;S;P;P;S;S;S;P;P;P;P;P;P;S;P;P;P;P;P;P;P;P;P;P;P;-;CP;CP-1;C;P-1;P-1;P-1;P-1;C;C;CS;S;S;S;S;S;S;S;S;S;S;S;S;S;S;S;S;S;S;S;S;S;S;S;S;S;S;S;S;S;S;S;S;S;S;S;S;S;S;S;S;S;S;S;S;S;S;S;S;S;S;S;S;S;S;S;S;S;S;S;S;S;S;S;S;S;S;S;S;S;S;S;S;S;S;S;S;S;S;S
[25 - 50];C;P;P;C;C;P;C;P;P;P;C;P;C;P;P;P;C;P;C;P;P;P;CS;P;C;P;P;CS;P;S;S;C;S;C;S;S;P;P;S;S;S;P;P;P;P;P;P;S;C;P;P;C;C;C;C;C;C;CP;C;CP-1;-;P-1;CP-1;P-1;P-1;P-1;P-1;C;C;C;C;C;CP-1;C;C;P-1;C;C;P-1;C;P-1;C;C;C;C;C;S;S;S;S;S;S;S;S;S;S;S;S;S;S;S;S;S;S;S;S;S;S;S;S;S;S;S;S;S;S;S;S;S;S;S;S;S;S;S;S;S;S;S;S;S;S;S;S;S;S;S;S;S;S;S;S;S;S;S;S;S;S;S
[26 - 35];C;P;P;C;C;P;C;P;P;P;CS;P;C;P;P;P;C;P;CS;P;P;P;S;P;CS;P;P;S;P;S;S;P;S;P;S;S;P;P;S;S;S;P;P;P;P;P;P;S;P;P;P;P;P;P;P;P;P;P;P;CP;P;-;CP;CP-1;P-1;P-1;P-1;C;C;CS;S;S;S;S;S;S;S;S;S;S;S;S;S;S;S;S;S;S;S;S;S;S;S;S;S;S;S;S;S;S;S;S;S;S;S;S;S;S;S;S;S;S;S;S;S;S;S;S;S;S;S;S;S;S;S;S;S;S;S;S;S;S;S;S;S;S;S;S;S;S;S;S;S;S;S;S;S;S;S
[26 - 50];C;P;P;C;C;P;C;P;P;P;CS;P;C;P;P;P;C;P;CS;P;P;P;S;P;CS;P;P;S;P;S;S;C;S;C;S;S;P;P;S;S;S;P;P;P;P;P;P;S;C;P;P;C;C;C;C;C;C;CP;C;C;CP;CP-1;-;CP-1;P-1;P-1;P-1;C;C;C;C;C;CP-1;C;C;P-1;C;C;P-1;C;P-1;C;C;C;C;C;S;S;S;S;S;S;S;S;S;S;S;S;S;S;S;S;S;S;S;S;S;S;S;S;S;S;S;S;S;S;S;S;S;S;S;S;S;S;S;S;S;S;S;S;S;S;S;S;S;S;S;S;S;S;S;S;S;S;S;S;S;S;S
[26 - 34];C;P;P;C;C;P;C;P;P;P;CS;P;C;P;P;P;C;P;CS;P;P;P;S;P;CS;P;P;S;P;S;S;P;S;P;S;S;P;P;S;S;S;P;P;P;P;P;P;S;P;P;P;P;P;P;P;P;P;P;P;P;P;CP;CP;-;P-1;P-1;P-1;C;CS;S;S;S;S;S;S;S;S;S;S;S;S;S;S;S;S;S;S;S;S;S;S;S;S;S;S;S;S;S;S;S;S;S;S;S;S;S;S;S;S;S;S;S;S;S;S;S;S;S;S;S;S;S;S;S;S;S;S;S;S;S;S;S;S;S;S;S;S;S;S;S;S;S;S;S;S;S;S;S;S
[27 - 33];C;P;P;C;C;P;CS;P;P;P;S;P;C;P;P;P;CS;P;S;P;P;P;S;P;S;P;P;S;P;S;S;P;S;P;S;S;P;P;S;S;S;P;P;P;P;P;P;S;P;P;P;P;P;P;P;P;P;P;P;P;P;P;P;P;-;CP-1;P-1;C;S;S;S;S;S;S;S;S;S;S;S;S;S;S;S;S;S;S;S;S;S;S;S;S;S;S;S;S;S;S;S;S;S;S;S;S;S;S;S;S;S;S;S;S;S;S;S;S;S;S;S;S;S;S;S;S;S;S;S;S;S;S;S;S;S;S;S;S;S;S;S;S;S;S;S;S;S;S;S;S;S
[28 - 33];C;P;P;CS;C;P;S;P;P;P;S;P;CS;P;P;P;S;P;S;P;P;P;S;P;S;P;P;S;P;S;S;P;S;P;S;S;P;P;S;S;S;P;P;P;P;P;P;S;P;P;P;P;P;P;P;P;P;P;P;P;P;P;P;P;CP;-;CP-1;C;S;S;S;S;S;S;S;S;S;S;S;S;S;S;S;S;S;S;S;S;S;S;S;S;S;S;S;S;S;S;S;S;S;S;S;S;S;S;S;S;S;S;S;S;S;S;S;S;S;S;S;S;S;S;S;S;S;S;S;S;S;S;S;S;S;S;S;S;S;S;S;S;S;S;S;S;S;S;S;S;S
[28 - 32];C;P;P;CS;C;P;S;P;P;P;S;P;CS;P;P;P;S;P;S;P;P;P;S;P;S;P;P;S;P;S;S;P;S;P;S;S;P;P;S;S;S;P;P;P;P;P;P;S;P;P;P;P;P;P;P;P;P;P;P;P;P;P;P;P;P;CP;-;C;S;S;S;S;S;S;S;S;S;S;S;S;S;S;S;S;S;S;S;S;S;S;S;S;S;S;S;S;S;S;S;S;S;S;S;S;S;S;S;S;S;S;S;S;S;S;S;S;S;S;S;S;S;S;S;S;S;S;S;S;S;S;S;S;S;S;S;S;S;S;S;S;S;S;S;S;S;S;S;S;S
[29 - 101];C;C;C;S;CS;C;S;C;C;C;S;C;S;C;C;C;S;C;S;P;C;CP;S;C;S;C;C;S;C;S;S;C;S;C;S;S;P;P;S;S;S;P;P;P;P;P;P;S;C;P;P;C;C;C;C;C;C;C;C;C;C;C;C;C;C;C;C;-;C;P-1;C;C;P-1;C;C;P-1;P-1;P-1;P-1;P-1;P-1;P-1;P-1;P-1;P-1;P-1;P-1;P-1;P-1;P-1;P-1;P-1;P-1;P-1;P-1;P-1;P-1;P-1;P-1;P-1;P-1;P-1;P-1;P-1;P-1;P-1;P-1;P-1;P-1;P-1;P-1;P-1;P-1;P-1;P-1;P-1;P-1;P-1;P-1;P-1;P-1;P-1;P-1;P-1;P-1;C;S;S;S;S;S;S;S;S;S;S;S;S;S;S;S;S;S;S;S;S;S;S;S
[34 - 143];S;C;C;S;S;C;S;C;C;C;S;C;S;C;C;C;S;C;S;C;C;C;S;C;S;C;C;S;C;S;S;C;S;C;S;S;C;C;S;S;S;C;C;C;C;C;C;S;C;C;C;C;C;C;C;C;C;C;C;C;C;C;C;CS;S;S;S;C;-;P-1;P-1;P-1;P-1;P-1;P-1;P-1;P-1;P-1;P-1;P-1;P-1;P-1;P-1;P-1;P-1;P-1;P-1;P-1;P-1;P-1;P-1;P-1;P-1;P-1;P-1;P-1;P-1;P-1;P-1;P-1;P-1;P-1;P-1;P-1;P-1;P-1;P-1;P-1;P-1;P-1;P-1;P-1;P-1;P-1;P-1;P-1;P-1;P-1;P-1;P-1;P-1;P-1;P-1;P-1;P-1;P-1;P-1;P-1;P-1;P-1;P-1;P-1;P-1;P-1;P-1;P-1;P-1;P-1;P-1;P-1;P-1;P-1;P-1;P-1;P-1;P-1;P-1;CP-1;C
[35 - 54];S;P;P;S;S;P;S;P;P;P;S;P;S;P;CP;P;S;P;S;P;P;P;S;P;S;P;C;S;P;S;S;C;S;C;S;S;P;P;S;S;S;P;P;P;P;P;P;S;C;P;P;C;C;C;C;C;C;C;C;CS;C;CS;C;S;S;S;S;P;P;-;C;C;P-1;C;C;P-1;C;C;P-1;C;P-1;P-1;C;C;C;P-1;C;C;C;C;C;C;CS;S;S;S;S;S;S;S;S;S;S;S;S;S;S;S;S;S;S;S;S;S;S;S;S;S;S;S;S;S;S;S;S;S;S;S;S;S;S;S;S;S;S;S;S;S;S;S;S;S;S;S;S;S;S;S;S
[36 - 139];S;C;C;S;S;C;S;C;C;C;S;C;S;C;C;C;S;C;S;C;C;C;S;C;S;C;C;S;C;S;S;C;S;C;S;S;C;C;S;S;S;C;C;C;C;C;C;S;C;C;C;C;C;C;C;C;C;C;CS;S;C;S;C;S;S;S;S;C;P;C;-;CP-1;P-1;P-1;P-1;P-1;P-1;P-1;P-1;P-1;P-1;P-1;P-1;P-1;P-1;P-1;P-1;P-1;P-1;P-1;P-1;P-1;P-1;P-1;P-1;P-1;P-1;P-1;P-1;P-1;P-1;P-1;P-1;P-1;P-1;P-1;P-1;P-1;P-1;P-1;P-1;P-1;P-1;P-1;P-1;P-1;P-1;P-1;P-1;P-1;P-1;P-1;P-1;P-1;P-1;P-1;P-1;P-1;P-1;P-1;P-1;P-1;P-1;P-1;P-1;P-1;P-1;P-1;P-1;P-1;P-1;P-1;P-1;P-1;P-1;P-1;C;CS;S
[36 - 135];S;C;C;S;S;C;S;C;C;C;S;C;S;C;C;C;S;C;S;C;C;C;S;C;S;C;C;S;C;S;S;C;S;C;S;S;C;C;S;S;S;C;C;C;C;C;C;S;C;C;C;C;C;C;C;C;C;C;CS;S;C;S;C;S;S;S;S;C;P;C;CP;-;P-1;CP-1;P-1;P-1;P-1;P-1;P-1;P-1;P-1;P-1;P-1;P-1;P-1;P-1;P-1;P-1;P-1;P-1;P-1;P-1;P-1;P-1;P-1;P-1;P-1;P-1;P-1;P-1;P-1;P-1;P-1;P-1;P-1;P-1;P-1;P-1;P-1;P-1;P-1;P-1;P-1;P-1;P-1;P-1;P-1;P-1;P-1;P-1;P-1;P-1;P-1;P-1;P-1;P-1;P-1;P-1;P-1;P-1;P-1;P-1;P-1;P-1;P-1;P-1;P-1;P-1;P-1;C;P-1;P-1;P-1;P-1;P-1;P-1;S;S;S
[37 - 50];S;P;P;S;S;P;S;P;P;P;S;P;S;P;P;P;S;P;S;P;P;P;S;P;S;P;P;S;P;S;S;C;S;C;S;S;P;P;S;S;S;P;P;P;P;P;P;S;C;P;P;C;C;C;C;C;CS;CP;S;S;CP;S;CP;S;S;S;S;P;P;P;P;P;-;C;C;P-1;C;C;P-1;C;P-1;C;C;C;C;C;S;S;S;S;S;S;S;S;S;S;S;S;S;S;S;S;S;S;S;S;S;S;S;S;S;S;S;S;S;S;S;S;S;S;S;S;S;S;S;S;S;S;S;S;S;S;S;S;S;S;S;S;S;S;S;S;S;S;S;S;S;S;S
[38 - 135];S;C;C;S;S;C;S;C;C;C;S;C;S;C;C;C;S;C;S;C;C;C;S;C;S;C;C;S;C;S;S;C;S;C;S;S;C;C;S;S;S;C;C;C;C;C;C;S;CS;C;C;CS;C;C;C;C;S;C;S;S;C;S;C;S;S;S;S;C;P;C;P;CP;C;-;CP-1;P-1;P-1;P-1;P-1;P-1;P-1;P-1;P-1;P-1;P-1;P-1;P-1;P-1;P-1;P-1;P-1;P-1;P-1;P-1;P-1;P-1;P-1;P-1;P-1;P-1;P-1;P-1;P-1;P-1;P-1;P-1;P-1;P-1;P-1;P-1;P-1;P-1;P-1;P-1;P-1;P-1;P-1;P-1;P-1;P-1;P-1;P-1;P-1;P-1;P-1;P-1;P-1;P-1;P-1;P-1;P-1;P-1;P-1;P-1;P-1;P-1;P-1;P-1;P-1;C;P-1;P-1;P-1;P-1;P-1;P-1;S;S;S
[38 - 131];S;C;C;S;S;C;S;C;C;C;S;C;S;C;C;C;S;C;S;C;C;C;S;C;S;C;C;S;C;S;S;C;S;C;S;S;C;C;S;S;S;C;C;C;C;C;CP;S;CS;C;CP;CS;C;C;C;C;S;C;S;S;C;S;C;S;S;S;S;C;P;C;P;P;C;CP;-;P-1;P-1;P-1;P-1;P-1;P-1;P-1;P-1;P-1;P-1;P-1;P-1;P-1;P-1;P-1;P-1;P-1;P-1;P-1;P-1;P-1;P-1;P-1;P-1;P-1;P-1;P-1;P-1;P-1;P-1;P-1;P-1;P-1;P-1;P-1;P-1;P-1;P-1;P-1;P-1;P-1;P-1;P-1;P-1;P-1;P-1;P-1;P-1;P-1;P-1;P-1;P-1;P-1;P-1;P-1;P-1;P-1;P-1;P-1;P-1;P-1;P-1;P-1;P-1;C;P-1;P-1;P-1;P-1;CP-1;CP-1;S;S;S
[39 - 46];S;P;P;S;S;P;S;P;P;P;S;P;S;P;P;P;S;P;S;P;P;P;S;P;S;P;P;S;P;S;S;C;S;P;S;S;P;P;S;S;S;P;P;P;P;P;P;S;S;P;P;S;CS;C;CS;C;S;P;S;S;P;S;P;S;S;S;S;P;P;P;P;P;P;P;P;-;C;C;C;C;C;S;S;S;S;S;S;S;S;S;S;S;S;S;S;S;S;S;S;S;S;S;S;S;S;S;S;S;S;S;S;S;S;S;S;S;S;S;S;S;S;S;S;S;S;S;S;S;S;S;S;S;S;S;S;S;S;S;S;S;S;S;S;S;S;S;S;S;S
[43 - 71];S;C;C;S;S;C;S;C;C;C;S;C;S;C;C;C;S;C;S;P;P;P;S;C;S;P;C;S;C;S;S;S;S;C;S;S;P;P;S;S;S;P;P;P;P;P;P;S;S;P;P;S;S;S;S;S;S;C;S;S;C;S;C;S;S;S;S;P;P;C;P;P;C;P;P;C;-;CP-1;P-1;C;P-1;P-1;C;C;C;P-1;C;P-1;P-1;C;C;P-1;P-1;P-1;C;C;C;C;C;C;C;C;C;C;C;C;C;C;C;C;C;C;C;C;C;CS;S;S;S;S;S;S;S;S;S;S;S;S;S;S;S;S;S;S;S;S;S;S;S;S;S;S;S;S;S;S;S;S;S
[44 - 71];S;C;C;S;S;C;S;C;C;C;S;C;S;C;C;C;S;C;S;P;P;P;S;C;S;P;C;S;C;S;S;S;S;C;S;S;P;P;S;S;S;P;P;P;P;P;P;S;S;P;P;S;S;S;S;S;S;C;S;S;C;S;C;S;S;S;S;P;P;C;P;P;C;P;P;C;CP;-;CP-1;CP;P-1;P-1;C;C;C;P-1;C;P-1;P-1;C;C;P-1;P-1;P-1;C;C;C;C;C;C;C;C;C;C;C;C;C;C;C;C;C;C;C;C;C;CS;S;S;S;S;S;S;S;S;S;S;S;S;S;S;S;S;S;S;S;S;S;S;S;S;S;S;S;S;S;S;S;S;S
[44 - 48];S;P;P;S;S;P;S;P;P;P;S;P;S;P;P;P;S;P;S;P;P;P;S;P;S;P;P;S;P;S;S;S;S;C;S;S;P;P;S;S;S;P;P;P;P;P;P;S;S;P;P;S;S;S;S;S;S;P;S;S;P;S;P;S;S;S;S;P;P;P;P;P;P;P;P;C;P;CP;-;CP;C;C;CS;CS;CS;S;S;S;S;S;S;S;S;S;S;S;S;S;S;S;S;S;S;S;S;S;S;S;S;S;S;S;S;S;S;S;S;S;S;S;S;S;S;S;S;S;S;S;S;S;S;S;S;S;S;S;S;S;S;S;S;S;S;S;S;S;S;S;S
[44 - 77];S;C;C;S;S;C;S;C;C;C;S;C;S;C;C;C;S;C;S;P;P;P;S;C;S;C;C;S;C;S;S;S;S;C;S;S;P;P;S;S;S;P;P;P;P;P;P;S;S;P;P;S;S;S;S;S;S;C;S;S;C;S;C;S;S;S;S;P;P;C;P;P;C;P;P;C;C;CP-1;CP-1;-;P-1;P-1;C;CP-1;P-1;P-1;C;P-1;P-1;C;C;P-1;P-1;P-1;C;C;C;C;C;C;C;C;C;C;C;C;C;C;C;P-1;C;P-1;P-1;P-1;P-1;CP-1;CP-1;C;C;C;CS;S;S;S;S;S;S;S;S;S;S;S;S;S;S;S;S;S;S;S;S;S;S;S;S;S;S;S;S
[45 - 49];S;P;P;S;S;P;S;P;P;P;S;P;S;P;P;P;S;P;S;P;P;P;S;P;S;P;P;S;P;S;S;S;S;C;S;S;P;P;S;S;S;P;P;P;P;P;P;S;S;P;P;S;S;S;S;S;S;P;S;S;P;S;P;S;S;S;S;P;P;P;P;P;P;P;P;C;P;P;C;P;-;C;C;C;C;CS;S;S;S;S;S;S;S;S;S;S;S;S;S;S;S;S;S;S;S;S;S;S;S;S;S;S;S;S;S;S;S;S;S;S;S;S;S;S;S;S;S;S;S;S;S;S;S;S;S;S;S;S;S;S;S;S;S;S;S;S;S;S;S
[47 - 51];S;P;P;S;S;P;S;P;P;P;S;P;S;P;P;P;S;P;S;P;P;P;S;P;S;P;CP;S;P;S;S;S;S;CS;S;S;P;P;S;S;S;P;P;P;P;P;P;S;S;P;P;S;S;S;S;S;S;C;S;S;C;S;C;S;S;S;S;P;P;P;P;P;C;P;P;S;P;P;C;P;C;-;C;C;C;C;CS;CS;CS;CS;S;S;S;S;S;S;S;S;S;S;S;S;S;S;S;S;S;S;S;S;S;S;S;S;S;S;S;S;S;S;S;S;S;S;S;S;S;S;S;S;S;S;S;S;S;S;S;S;S;S;S;S;S;S;S;S;S;S;S
[48 - 80];S;C;C;S;S;C;S;C;C;C;S;C;S;C;C;C;S;C;S;P;P;P;S;C;S;C;C;S;C;S;S;S;S;S;S;S;P;P;S;S;S;P;P;P;P;P;P;S;S;P;P;S;S;S;S;S;S;C;S;S;C;S;C;S;S;S;S;P;P;C;P;P;C;P;P;S;C;C;CS;C;C;C;-;CP-1;CP-1;P-1;CP-1;P-1;P-1;C;CP-1;P-1;P-1;P-1;C;C;C;C;C;C;C;C;C;C;C;C;C;C;C;P-1;C;P-1;P-1;P-1;P-1;P-1;P-1;C;P-1;P-1;C;C;CS;S;S;S;S;S;S;S;S;S;S;S;S;S;S;S;S;S;S;S;S;S;S;S;S;S;S
[48 - 77];S;C;C;S;S;C;S;C;C;C;S;C;S;C;C;C;S;C;S;P;P;P;S;C;S;C;C;S;C;S;S;S;S;S;S;S;P;P;S;S;S;P;P;P;P;P;P;S;S;P;P;S;S;S;S;S;S;C;S;S;C;S;C;S;S;S;S;P;P;C;P;P;C;P;P;S;C;C;CS;CP;C;C;CP;-;CP-1;P-1;C;P-1;P-1;C;C;P-1;P-1;P-1;C;C;C;C;C;C;C;C;C;C;C;C;C;C;C;P-1;C;P-1;P-1;P-1;P-1;CP-1;CP-1;C;C;C;CS;S;S;S;S;S;S;S;S;S;S;S;S;S;S;S;S;S;S;S;S;S;S;S;S;S;S;S;S
[48 - 76];S;C;C;S;S;C;S;C;C;C;S;C;S;C;C;C;S;C;S;P;P;P;S;C;S;C;C;S;C;S;S;S;S;S;S;S;P;P;S;S;S;P;P;P;P;P;P;S;S;P;P;S;S;S;S;S;S;C;S;S;C;S;C;S;S;S;S;P;P;C;P;P;C;P;P;S;C;C;CS;P;C;C;CP;CP;-;P-1;C;P-1;P-1;C;C;P-1;P-1;P-1;C;C;C;C;C;C;C;C;C;C;C;C;C;C;C;P-1;C;P-1;P-1;P-1;P-1;C;C;C;C;C;S;S;S;S;S;S;S;S;S;S;S;S;S;S;S;S;S;S;S;S;S;S;S;S;S;S;S;S;S
[49 - 53];S;P;P;S;S;P;S;P;P;P;S;P;S;P;P;P;S;P;S;P;P;P;S;P;S;P;C;S;P;S;S;S;S;S;S;S;P;P;S;S;S;P;P;P;P;P;P;S;S;P;P;S;S;S;S;S;S;C;S;S;C;S;C;S;S;S;S;P;P;P;P;P;C;P;P;S;P;P;S;P;CS;C;P;P;P;-;C;C;C;C;C;CS;S;S;S;S;S;S;S;S;S;S;S;S;S;S;S;S;S;S;S;S;S;S;S;S;S;S;S;S;S;S;S;S;S;S;S;S;S;S;S;S;S;S;S;S;S;S;S;S;S;S;S;S;S;S;S;S;S
[51 - 80];S;C;C;S;S;C;S;C;C;C;S;C;S;C;C;C;S;C;S;P;P;P;S;C;S;C;CS;S;C;S;S;S;S;S;S;S;P;P;S;S;S;P;P;P;P;P;P;S;S;P;P;S;S;S;S;S;S;S;S;S;S;S;S;S;S;S;S;P;P;C;P;P;S;P;P;S;C;C;S;C;S;CS;CP;C;C;C;-;CP-1;CP-1;CP;CP-1;P-1;P-1;P-1;C;C;C;C;C;C;C;C;C;C;C;C;C;C;C;P-1;C;P-1;P-1;P-1;P-1;P-1;P-1;C;P-1;P-1;C;C;CS;S;S;S;S;S;S;S;S;S;S;S;S;S;S;S;S;S;S;S;S;S;S;S;S;S;S
[51 - 55];S;P;P;S;S;P;S;P;P;P;S;P;S;P;C;CP;S;P;S;P;P;P;S;P;S;P;CS;S;P;S;S;S;S;S;S;S;P;P;S;S;S;P;P;P;P;P;P;S;S;P;P;S;S;S;S;S;S;S;S;S;S;S;S;S;S;S;S;P;P;C;P;P;S;P;P;S;P;P;S;P;S;CS;P;P;P;C;CP;-;CP;CP;C;C;C;CS;CS;S;S;S;S;S;S;S;S;S;S;S;S;S;S;S;S;S;S;S;S;S;S;S;S;S;S;S;S;S;S;S;S;S;S;S;S;S;S;S;S;S;S;S;S;S;S;S;S;S;S;S;S;S;S
[51 - 64];S;C;C;S;S;C;S;C;CP;P;S;C;S;C;C;C;S;P;S;P;P;P;S;P;S;P;CS;S;P;S;S;S;S;S;S;S;P;P;S;S;S;P;P;P;P;P;P;S;S;P;P;S;S;S;S;S;S;S;S;S;S;S;S;S;S;S;S;P;P;C;P;P;S;P;P;S;P;P;S;P;S;CS;P;P;P;C;CP;CP-1;-;CP;C;P-1;P-1;P-1;C;C;C;C;C;CS;CS;CS;S;S;S;S;S;S;S;S;S;S;S;S;S;S;S;S;S;S;S;S;S;S;S;S;S;S;S;S;S;S;S;S;S;S;S;S;S;S;S;S;S;S;S;S;S;S;S
[51 - 81];S;C;C;S;S;C;S;C;C;C;S;C;S;C;C;C;S;C;S;P;P;P;S;C;S;C;CS;S;C;S;S;S;S;S;S;S;P;P;S;S;S;P;P;P;P;P;P;S;S;P;P;S;S;S;S;S;S;S;S;S;S;S;S;S;S;S;S;P;P;C;P;P;S;P;P;S;C;C;S;C;S;CS;C;C;C;C;CP-1;CP-1;CP-1;-;P-1;P-1;P-1;P-1;C;C;C;C;C;C;C;C;C;C;C;C;C;C;C;P-1;C;P-1;P-1;P-1;P-1;P-1;P-1;C;P-1;P-1;CP-1;C;C;CS;S;S;S;S;S;S;S;S;S;S;S;S;S;S;S;S;S;S;S;S;S;S;S;S;S
[52 - 80];S;C;C;S;S;C;S;C;C;C;S;C;S;C;C;C;S;C;S;P;P;P;S;C;S;C;S;S;C;S;S;S;S;S;S;S;P;P;S;S;S;P;P;P;P;P;P;S;S;P;P;S;S;S;S;S;S;S;S;S;S;S;S;S;S;S;S;P;P;C;P;P;S;P;P;S;C;C;S;C;S;S;CP;C;C;C;CP;C;C;P;-;P-1;P-1;P-1;C;C;C;C;C;C;C;C;C;C;C;C;C;C;C;P-1;C;P-1;P-1;P-1;P-1;P-1;P-1;C;P-1;P-1;C;C;CS;S;S;S;S;S;S;S;S;S;S;S;S;S;S;S;S;S;S;S;S;S;S;S;S;S;S
[53 - 57];S;P;P;S;S;P;S;P;P;P;S;P;S;P;C;C;S;P;S;P;P;P;S;P;S;P;S;S;P;S;S;S;S;S;S;S;P;P;S;S;S;P;P;P;P;P;P;S;S;P;P;S;S;S;S;S;S;S;S;S;S;S;S;S;S;S;S;P;P;C;P;P;S;P;P;S;P;P;S;P;S;S;P;P;P;CS;P;C;P;P;P;-;C;C;C;S;S;S;S;S;S;S;S;S;S;S;S;S;S;S;S;S;S;S;S;S;S;S;S;S;S;S;S;S;S;S;S;S;S;S;S;S;S;S;S;S;S;S;S;S;S;S;S;S;S;S;S;S;S
[54 - 58];S;P;P;S;S;P;S;P;P;P;S;P;S;CP;CS;C;S;P;S;P;P;P;S;P;S;P;S;S;P;S;S;S;S;S;S;S;P;P;S;S;S;P;P;P;P;P;P;S;S;P;P;S;S;S;S;S;S;S;S;S;S;S;S;S;S;S;S;P;P;CS;P;P;S;P;P;S;P;P;S;P;S;S;P;P;P;S;P;C;P;P;P;C;-;C;C;S;S;S;S;S;S;S;S;S;S;S;S;S;S;S;S;S;S;S;S;S;S;S;S;S;S;S;S;S;S;S;S;S;S;S;S;S;S;S;S;S;S;S;S;S;S;S;S;S;S;S;S;S;S
[55 - 59];S;P;P;S;S;P;S;P;P;P;S;P;S;C;S;CS;S;P;S;P;P;P;S;P;S;P;S;S;P;S;S;S;S;S;S;S;P;P;S;S;S;P;P;P;P;P;P;S;S;P;P;S;S;S;S;S;S;S;S;S;S;S;S;S;S;S;S;P;P;S;P;P;S;P;P;S;P;P;S;P;S;S;P;P;P;S;P;CS;P;P;P;C;C;-;CP;S;S;S;S;S;S;S;S;S;S;S;S;S;S;S;S;S;S;S;S;S;S;S;S;S;S;S;S;S;S;S;S;S;S;S;S;S;S;S;S;S;S;S;S;S;S;S;S;S;S;S;S;S;S
[55 - 84];S;C;C;S;S;C;S;C;C;C;S;C;S;C;S;CS;S;C;S;P;P;P;S;C;S;C;S;S;C;S;S;S;S;S;S;S;P;P;S;S;S;P;P;P;P;P;P;S;S;P;P;S;S;S;S;S;S;S;S;S;S;S;S;S;S;S;S;P;P;S;P;P;S;P;P;S;C;C;S;C;S;S;C;C;C;S;C;CS;C;C;C;C;C;CP-1;-;CP-1;C;C;C;C;C;C;C;C;C;C;C;C;C;P-1;C;P-1;P-1;P-1;P-1;P-1;P-1;C;P-1;P-1;P-1;P-1;CP-1;C;S;S;S;S;S;S;S;S;S;S;S;S;S;S;S;S;S;S;S;S;S;S;S;S;S
[60 - 84];S;C;C;S;S;C;S;C;C;C;S;C;S;S;S;S;S;C;S;P;P;P;S;C;S;C;S;S;C;S;S;S;S;S;S;S;P;P;S;S;S;P;P;P;P;P;P;S;S;P;P;S;S;S;S;S;S;S;S;S;S;S;S;S;S;S;S;P;P;S;P;P;S;P;P;S;C;C;S;C;S;S;C;C;C;S;C;S;C;C;C;S;S;S;CP;-;C;C;C;C;C;C;C;C;C;C;C;C;C;P-1;C;P-1;P-1;P-1;P-1;P-1;P-1;C;P-1;P-1;P-1;P-1;CP-1;C;S;S;S;S;S;S;S;S;S;S;S;S;S;S;S;S;S;S;S;S;S;S;S;S;S
[61 - 86];S;CS;C;S;S;C;S;C;C;C;S;CS;S;S;S;S;S;C;S;P;P;P;S;C;S;C;S;S;C;S;S;S;S;S;S;S;P;P;S;S;S;P;P;P;P;P;P;S;S;P;P;S;S;S;S;S;S;S;S;S;S;S;S;S;S;S;S;P;P;S;P;P;S;P;P;S;C;C;S;C;S;S;C;C;C;S;C;S;C;C;C;S;S;S;C;C;-;C;C;C;C;C;C;C;C;C;C;C;C;P-1;C;P-1;P-1;P-1;P-1;P-1;P-1;C;P-1;P-1;P-1;P-1;P-1;CP-1;S;S;S;S;S;S;S;S;S;S;S;S;S;S;S;S;S;S;S;S;S;S;S;S;S
[62 - 87];S;S;CS;S;S;C;S;C;C;C;S;S;S;S;S;S;S;C;S;P;P;P;S;C;S;C;S;S;C;S;S;S;S;S;S;S;P;P;S;S;S;P;P;P;P;P;P;S;S;P;P;S;S;S;S;S;S;S;S;S;S;S;S;S;S;S;S;P;P;S;P;P;S;P;P;S;C;C;S;C;S;S;C;C;C;S;C;S;C;C;C;S;S;S;C;C;C;-;CP-1;CP-1;C;C;C;C;C;C;C;C;C;P-1;C;P-1;P-1;P-1;P-1;P-1;P-1;C;P-1;P-1;P-1;P-1;P-1;P-1;S;S;S;S;S;S;S;S;S;S;S;S;S;S;S;S;S;S;S;S;S;S;S;S;S
[63 - 87];S;S;S;S;S;CS;S;CS;C;C;S;S;S;S;S;S;S;C;S;P;P;P;S;C;S;C;S;S;C;S;S;S;S;S;S;S;P;P;S;S;S;P;P;P;P;P;P;S;S;P;P;S;S;S;S;S;S;S;S;S;S;S;S;S;S;S;S;P;P;S;P;P;S;P;P;S;C;C;S;C;S;S;C;C;C;S;C;S;C;C;C;S;S;S;C;C;C;CP;-;CP-1;C;C;C;C;C;C;C;C;C;P-1;C;P-1;P-1;P-1;P-1;P-1;P-1;C;P-1;P-1;P-1;P-1;P-1;P-1;S;S;S;S;S;S;S;S;S;S;S;S;S;S;S;S;S;S;S;S;S;S;S;S;S
[64 - 87];S;S;S;S;S;S;S;S;CS;C;S;S;S;S;S;S;S;C;S;P;P;P;S;C;S;C;S;S;C;S;S;S;S;S;S;S;P;P;S;S;S;P;P;P;P;P;P;S;S;P;P;S;S;S;S;S;S;S;S;S;S;S;S;S;S;S;S;P;P;S;P;P;S;P;P;S;C;C;S;C;S;S;C;C;C;S;C;S;CS;C;C;S;S;S;C;C;C;CP;CP;-;CP;CP;C;C;C;C;C;C;C;P-1;C;P-1;P-1;P-1;P-1;P-1;P-1;C;P-1;P-1;P-1;P-1;P-1;P-1;S;S;S;S;S;S;S;S;S;S;S;S;S;S;S;S;S;S;S;S;S;S;S;S;S
[64 - 88];S;S;S;S;S;S;S;S;CS;C;S;S;S;S;S;S;S;C;S;P;P;P;S;C;S;C;S;S;C;S;S;S;S;S;S;S;P;P;S;S;S;P;P;P;P;P;P;S;S;P;P;S;S;S;S;S;S;S;S;S;S;S;S;S;S;S;S;P;P;S;P;P;S;P;P;S;C;C;S;C;S;S;C;C;C;S;C;S;CS;C;C;S;S;S;C;C;C;C;C;CP-1;-;CP;C;C;C;CP-1;C;C;C;P-1;C;P-1;P-1;P-1;P-1;P-1;P-1;CP-1;P-1;P-1;P-1;P-1;P-1;P-1;S;S;S;S;S;S;S;S;S;S;S;S;S;S;S;S;S;S;S;S;S;S;S;S;S
[64 - 89];S;S;S;S;S;S;S;S;CS;C;S;S;S;S;S;S;S;C;S;P;P;P;S;C;S;C;S;S;C;S;S;S;S;S;S;S;P;P;S;S;S;P;P;P;P;P;P;S;S;P;P;S;S;S;S;S;S;S;S;S;S;S;S;S;S;S;S;P;P;S;P;P;S;P;P;S;C;C;S;C;S;S;C;C;C;S;C;S;CS;C;C;S;S;S;C;C;C;C;C;CP-1;CP-1;-;CP-1;C;C;P-1;CP-1;C;C;P-1;C;P-1;P-1;P-1;P-1;P-1;P-1;P-1;P-1;P-1;P-1;P-1;P-1;P-1;S;S;S;S;S;S;S;S;S;S;S;S;S;S;S;S;S;S;S;S;S;S;S;S;S
[65 - 89];S;S;S;S;S;S;S;S;S;CS;S;S;S;S;S;S;S;CS;S;P;P;P;S;CS;S;C;S;S;C;S;S;S;S;S;S;S;P;P;S;S;S;P;P;P;P;P;P;S;S;P;P;S;S;S;S;S;S;S;S;S;S;S;S;S;S;S;S;P;P;S;P;P;S;P;P;S;C;C;S;C;S;S;C;C;C;S;C;S;S;C;C;S;S;S;C;C;C;C;C;C;C;CP;-;CP;CP;P-1;CP-1;C;C;P-1;C;P-1;P-1;P-1;P-1;P-1;P-1;P-1;P-1;P-1;P-1;P-1;P-1;P-1;S;S;S;S;S;S;S;S;S;S;S;S;S;S;S;S;S;S;S;S;S;S;S;S;S
[65 - 99];S;S;S;S;S;S;S;S;S;CS;S;S;S;S;S;S;S;CS;S;P;CP;P;S;CS;S;C;S;S;C;S;S;S;S;S;S;S;P;P;S;S;S;P;P;P;P;P;P;S;S;P;P;S;S;S;S;S;S;S;S;S;S;S;S;S;S;S;S;P;P;S;P;P;S;P;P;S;C;C;S;C;S;S;C;C;C;S;C;S;S;C;C;S;S;S;C;C;C;C;C;C;C;C;CP-1;-;CP-1;P-1;P-1;CP-1;P-1;P-1;CP-1;P-1;P-1;P-1;P-1;P-1;P-1;P-1;P-1;P-1;P-1;P-1;P-1;P-1;P-1;CS;S;S;S;S;S;S;S;S;S;S;S;S;S;S;S;S;S;S;S;S;S;S;S
[65 - 90];S;S;S;S;S;S;S;S;S;CS;S;S;S;S;S;S;S;CS;S;P;P;P;S;CS;S;C;S;S;C;S;S;S;S;S;S;S;P;P;S;S;S;P;P;P;P;P;P;S;S;P;P;S;S;S;S;S;S;S;S;S;S;S;S;S;S;S;S;P;P;S;P;P;S;P;P;S;C;C;S;C;S;S;C;C;C;S;C;S;S;C;C;S;S;S;C;C;C;C;C;C;C;C;CP-1;CP;-;P-1;P-1;C;CP-1;P-1;C;P-1;P-1;P-1;P-1;P-1;P-1;P-1;P-1;P-1;P-1;P-1;P-1;P-1;S;S;S;S;S;S;S;S;S;S;S;S;S;S;S;S;S;S;S;S;S;S;S;S;S
[66 - 88];S;S;S;S;S;S;S;S;S;S;S;S;S;S;S;S;S;S;S;P;P;P;S;S;S;C;S;S;C;S;S;S;S;S;S;S;P;P;S;S;S;P;P;P;P;P;P;S;S;P;P;S;S;S;S;S;S;S;S;S;S;S;S;S;S;S;S;P;P;S;P;P;S;P;P;S;C;C;S;C;S;S;C;C;C;S;C;S;S;C;C;S;S;S;C;C;C;C;C;C;CP;P;P;P;P;-;CP;CP;CP;CP-1;C;P-1;P-1;P-1;P-1;P-1;P-1;CP-1;P-1;P-1;P-1;P-1;P-1;P-1;S;S;S;S;S;S;S;S;S;S;S;S;S;S;S;S;S;S;S;S;S;S;S;S;S
[66 - 89];S;S;S;S;S;S;S;S;S;S;S;S;S;S;S;S;S;S;S;P;P;P;S;S;S;C;S;S;C;S;S;S;S;S;S;S;P;P;S;S;S;P;P;P;P;P;P;S;S;P;P;S;S;S;S;S;S;S;S;S;S;S;S;S;S;S;S;P;P;S;P;P;S;P;P;S;C;C;S;C;S;S;C;C;C;S;C;S;S;C;C;S;S;S;C;C;C;C;C;C;C;CP;CP;P;P;CP-1;-;CP;CP;CP-1;C;P-1;P-1;P-1;P-1;P-1;P-1;P-1;P-1;P-1;P-1;P-1;P-1;P-1;S;S;S;S;S;S;S;S;S;S;S;S;S;S;S;S;S;S;S;S;S;S;S;S;S
[66 - 99];S;S;S;S;S;S;S;S;S;S;S;S;S;S;S;S;S;S;S;P;CP;P;S;S;S;C;S;S;C;S;S;S;S;S;S;S;P;P;S;S;S;P;P;P;P;P;P;S;S;P;P;S;S;S;S;S;S;S;S;S;S;S;S;S;S;S;S;P;P;S;P;P;S;P;P;S;C;C;S;C;S;S;C;C;C;S;C;S;S;C;C;S;S;S;C;C;C;C;C;C;C;C;C;CP;C;CP-1;CP-1;-;CP-1;CP-1;CP-1;P-1;P-1;P-1;P-1;P-1;P-1;P-1;P-1;P-1;P-1;P-1;P-1;P-1;P-1;CS;S;S;S;S;S;S;S;S;S;S;S;S;S;S;S;S;S;S;S;S;S;S;S
[66 - 90];S;S;S;S;S;S;S;S;S;S;S;S;S;S;S;S;S;S;S;P;P;P;S;S;S;C;S;S;C;S;S;S;S;S;S;S;P;P;S;S;S;P;P;P;P;P;P;S;S;P;P;S;S;S;S;S;S;S;S;S;S;S;S;S;S;S;S;P;P;S;P;P;S;P;P;S;C;C;S;C;S;S;C;C;C;S;C;S;S;C;C;S;S;S;C;C;C;C;C;C;C;C;C;P;CP;CP-1;CP-1;CP;-;CP-1;C;P-1;P-1;P-1;P-1;P-1;P-1;P-1;P-1;P-1;P-1;P-1;P-1;P-1;S;S;S;S;S;S;S;S;S;S;S;S;S;S;S;S;S;S;S;S;S;S;S;S;S
[66 - 72];S;S;S;S;S;S;S;S;S;S;S;S;S;S;S;S;S;S;S;P;P;P;S;S;S;CP;S;S;C;S;S;S;S;S;S;S;P;P;S;S;S;P;P;P;P;P;P;S;S;P;P;S;S;S;S;S;S;S;S;S;S;S;S;S;S;S;S;P;P;S;P;P;S;P;P;S;C;C;S;P;S;S;P;P;P;S;P;S;S;P;P;S;S;S;P;P;P;P;P;P;P;P;P;P;P;CP;CP;CP;CP;-;C;CP-1;C;C;C;C;CS;CS;S;S;S;S;S;S;S;S;S;S;S;S;S;S;S;S;S;S;S;S;S;S;S;S;S;S;S;S;S;S;S
[67 - 99];S;S;S;S;S;S;S;S;S;S;S;S;S;S;S;S;S;S;S;P;CP;P;S;S;S;C;S;S;CS;S;S;S;S;S;S;S;P;P;S;S;S;P;P;P;P;P;P;S;S;P;P;S;S;S;S;S;S;S;S;S;S;S;S;S;S;S;S;P;P;S;P;P;S;P;P;S;C;C;S;C;S;S;C;C;C;S;C;S;S;C;C;S;S;S;C;C;C;C;C;C;C;C;C;CP;C;C;C;CP;C;C;-;CP-1;P-1;P-1;P-1;P-1;P-1;P-1;P-1;P-1;P-1;P-1;P-1;P-1;P-1;CS;S;S;S;S;S;S;S;S;S;S;S;S;S;S;S;S;S;S;S;S;S;S;S
[67 - 72];S;S;S;S;S;S;S;S;S;S;S;S;S;S;S;S;S;S;S;P;P;P;S;S;S;CP;S;S;CS;S;S;S;S;S;S;S;P;P;S;S;S;P;P;P;P;P;P;S;S;P;P;S;S;S;S;S;S;S;S;S;S;S;S;S;S;S;S;P;P;S;P;P;S;P;P;S;C;C;S;P;S;S;P;P;P;S;P;S;S;P;P;S;S;S;P;P;P;P;P;P;P;P;P;P;P;P;P;P;P;CP;CP;-;C;C;C;C;CS;CS;S;S;S;S;S;S;S;S;S;S;S;S;S;S;S;S;S;S;S;S;S;S;S;S;S;S;S;S;S;S;S
[68 - 73];S;S;S;S;S;S;S;S;S;S;S;S;S;S;S;S;S;S;S;P;P;P;S;S;S;C;S;S;S;S;S;S;S;S;S;S;P;P;S;S;S;P;P;P;P;P;P;S;S;P;P;S;S;S;S;S;S;S;S;S;S;S;S;S;S;S;S;P;P;S;P;P;S;P;P;S;C;C;S;P;S;S;P;P;P;S;P;S;S;P;P;S;S;S;P;P;P;P;P;P;P;P;P;P;P;P;P;P;P;C;P;C;-;CP-1;C;C;C;C;S;S;S;S;S;S;S;S;S;S;S;S;S;S;S;S;S;S;S;S;S;S;S;S;S;S;S;S;S;S;S
[69 - 73];S;S;S;S;S;S;S;S;S;S;S;S;S;S;S;S;S;S;S;P;P;P;S;S;S;C;S;S;S;S;S;S;S;S;S;S;P;P;S;S;S;P;P;P;P;P;P;S;S;P;P;S;S;S;S;S;S;S;S;S;S;S;S;S;S;S;S;P;P;S;P;P;S;P;P;S;C;C;S;P;S;S;P;P;P;S;P;S;S;P;P;S;S;S;P;P;P;P;P;P;P;P;P;P;P;P;P;P;P;C;P;C;CP;-;C;C;C;C;S;S;S;S;S;S;S;S;S;S;S;S;S;S;S;S;S;S;S;S;S;S;S;S;S;S;S;S;S;S;S
[70 - 74];S;S;S;S;S;S;S;S;S;S;S;S;S;S;S;S;S;S;S;P;P;P;S;S;S;C;S;S;S;S;S;S;S;S;S;S;P;P;S;S;S;P;P;P;P;P;P;S;S;P;P;S;S;S;S;S;S;S;S;S;S;S;S;S;S;S;S;P;P;S;P;P;S;P;P;S;C;C;S;P;S;S;P;P;P;S;P;S;S;P;P;S;S;S;P;P;P;P;P;P;P;P;P;P;P;P;P;P;P;C;P;C;C;C;-;C;C;C;CS;S;S;S;S;S;S;S;S;S;S;S;S;S;S;S;S;S;S;S;S;S;S;S;S;S;S;S;S;S;S
[71 - 77];S;S;S;S;S;S;S;S;S;S;S;S;S;S;S;S;S;S;S;P;P;P;S;S;S;C;S;S;S;S;S;S;S;S;S;S;P;P;S;S;S;P;P;P;P;P;P;S;S;P;P;S;S;S;S;S;S;S;S;S;S;S;S;S;S;S;S;P;P;S;P;P;S;P;P;S;CS;CS;S;CP;S;S;P;CP;C;S;P;S;S;P;P;S;S;S;P;P;P;P;P;P;P;P;P;P;P;P;P;P;P;C;P;C;C;C;C;-;CP-1;C;C;C;CS;S;S;S;S;S;S;S;S;S;S;S;S;S;S;S;S;S;S;S;S;S;S;S;S;S;S;S;S
[72 - 77];S;S;S;S;S;S;S;S;S;S;S;S;S;S;S;S;S;S;S;P;P;P;S;S;S;CS;S;S;S;S;S;S;S;S;S;S;P;P;S;S;S;P;P;P;P;P;P;S;S;P;P;S;S;S;S;S;S;S;S;S;S;S;S;S;S;S;S;P;P;S;P;P;S;P;P;S;S;S;S;CP;S;S;P;CP;C;S;P;S;S;P;P;S;S;S;P;P;P;P;P;P;P;P;P;P;P;P;P;P;P;CS;P;CS;C;C;C;CP;-;CP;C;C;CS;S;S;S;S;S;S;S;S;S;S;S;S;S;S;S;S;S;S;S;S;S;S;S;S;S;S;S;S
[72 - 88];S;S;S;S;S;S;S;S;S;S;S;S;S;S;S;S;S;S;S;P;P;P;S;S;S;CS;S;S;S;S;S;S;S;S;S;S;P;P;S;S;S;P;P;P;P;P;P;S;S;P;P;S;S;S;S;S;S;S;S;S;S;S;S;S;S;S;S;P;P;S;P;P;S;P;P;S;S;S;S;C;S;S;C;C;C;S;C;S;S;C;C;S;S;S;C;C;C;C;C;C;CP;P;P;P;P;CP;P;P;P;CS;P;CS;C;C;C;C;CP-1;-;P-1;P-1;P-1;P-1;P-1;P-1;S;S;S;S;S;S;S;S;S;S;S;S;S;S;S;S;S;S;S;S;S;S;S;S;S
[74 - 78];S;S;S;S;S;S;S;S;S;S;S;S;S;S;S;S;S;S;S;P;P;P;S;S;S;S;S;S;S;S;S;S;S;S;S;S;P;P;S;S;S;P;P;P;P;P;P;S;S;P;P;S;S;S;S;S;S;S;S;S;S;S;S;S;S;S;S;P;P;S;P;P;S;P;P;S;S;S;S;C;S;S;P;C;C;S;P;S;S;P;P;S;S;S;P;P;P;P;P;P;P;P;P;P;P;P;P;P;P;S;P;S;S;S;CS;C;C;P;-;C;C;S;S;S;S;S;S;S;S;S;S;S;S;S;S;S;S;S;S;S;S;S;S;S;S;S;S;S;S
[75 - 79];S;S;S;S;S;S;S;S;S;S;S;S;S;S;S;S;S;S;S;P;P;P;S;S;S;S;S;S;S;S;S;S;S;S;S;S;P;P;S;S;S;P;P;P;P;P;P;S;S;P;P;S;S;S;S;S;S;S;S;S;S;S;S;S;S;S;S;P;P;S;P;P;S;P;P;S;S;S;S;C;S;S;P;C;C;S;P;S;S;P;P;S;S;S;P;P;P;P;P;P;P;P;P;P;P;P;P;P;P;S;P;S;S;S;S;C;C;P;C;-;C;CS;S;S;S;S;S;S;S;S;S;S;S;S;S;S;S;S;S;S;S;S;S;S;S;S;S;S;S
[77 - 81];S;S;S;S;S;S;S;S;S;S;S;S;S;S;S;S;S;S;S;P;P;P;S;S;S;S;S;S;S;S;S;S;S;S;S;S;P;P;S;S;S;P;P;P;P;P;P;S;S;P;P;S;S;S;S;S;S;S;S;S;S;S;S;S;S;S;S;P;P;S;P;P;S;P;P;S;S;S;S;CS;S;S;C;CS;S;S;C;S;S;CP;C;S;S;S;P;P;P;P;P;P;P;P;P;P;P;P;P;P;P;S;P;S;S;S;S;CS;CS;P;C;C;-;C;C;CS;S;S;S;S;S;S;S;S;S;S;S;S;S;S;S;S;S;S;S;S;S;S;S;S;S
[79 - 83];S;S;S;S;S;S;S;S;S;S;S;S;S;S;S;S;S;S;S;P;P;P;S;S;S;S;S;S;S;S;S;S;S;S;S;S;P;P;S;S;S;P;P;P;P;P;P;S;S;P;P;S;S;S;S;S;S;S;S;S;S;S;S;S;S;S;S;P;P;S;P;P;S;P;P;S;S;S;S;S;S;S;C;S;S;S;C;S;S;C;C;S;S;S;P;P;P;P;P;P;P;P;P;P;P;P;P;P;P;S;P;S;S;S;S;S;S;P;S;CS;C;-;C;C;S;S;S;S;S;S;S;S;S;S;S;S;S;S;S;S;S;S;S;S;S;S;S;S;S
[80 - 84];S;S;S;S;S;S;S;S;S;S;S;S;S;S;S;S;S;S;S;P;P;P;S;S;S;S;S;S;S;S;S;S;S;S;S;S;P;P;S;S;S;P;P;P;P;P;P;S;S;P;P;S;S;S;S;S;S;S;S;S;S;S;S;S;S;S;S;P;P;S;P;P;S;P;P;S;S;S;S;S;S;S;CS;S;S;S;CS;S;S;C;CS;S;S;S;CP;CP;P;P;P;P;P;P;P;P;P;P;P;P;P;S;P;S;S;S;S;S;S;P;S;S;C;C;-;C;S;S;S;S;S;S;S;S;S;S;S;S;S;S;S;S;S;S;S;S;S;S;S;S;S
[81 - 86];S;S;S;S;S;S;S;S;S;S;S;S;S;S;S;S;S;S;S;P;P;P;S;S;S;S;S;S;S;S;S;S;S;S;S;S;P;P;S;S;S;P;P;P;P;P;P;S;S;P;P;S;S;S;S;S;S;S;S;S;S;S;S;S;S;S;S;P;P;S;P;P;S;P;P;S;S;S;S;S;S;S;S;S;S;S;S;S;S;CS;S;S;S;S;C;C;CP;P;P;P;P;P;P;P;P;P;P;P;P;S;P;S;S;S;S;S;S;P;S;S;CS;C;C;-;S;S;S;S;S;S;S;S;S;S;S;S;S;S;S;S;S;S;S;S;S;S;S;S;S
[92 - 96];S;S;S;S;S;S;S;S;S;S;S;S;S;S;S;S;S;S;S;P;P;P;S;S;S;S;S;S;S;S;S;S;S;S;S;S;P;P;S;S;S;P;P;P;P;P;P;S;S;P;P;S;S;S;S;S;S;S;S;S;S;S;S;S;S;S;S;P;P;S;P;P;S;P;P;S;S;S;S;S;S;S;S;S;S;S;S;S;S;S;S;S;S;S;S;S;S;S;S;S;S;S;S;P;S;S;S;P;S;S;P;S;S;S;S;S;S;S;S;S;S;S;S;S;-;S;S;S;S;S;S;S;S;S;S;S;S;S;S;S;S;S;S;S;S;S;S;S;S
[99 - 103];S;S;S;S;S;S;S;S;S;S;S;S;S;S;S;S;S;S;S;C;CS;C;S;S;S;S;S;S;S;S;S;S;S;S;S;S;P;P;S;S;S;P;P;P;P;P;P;S;S;P;P;S;S;S;S;S;S;S;S;S;S;S;S;S;S;S;S;C;P;S;P;P;S;P;P;S;S;S;S;S;S;S;S;S;S;S;S;S;S;S;S;S;S;S;S;S;S;S;S;S;S;S;S;CS;S;S;S;CS;S;S;CS;S;S;S;S;S;S;S;S;S;S;S;S;S;S;-;C;CS;S;S;S;S;S;S;S;S;S;S;S;S;S;S;S;S;S;S;S;S;S
[102 - 106];S;S;S;S;S;S;S;S;S;S;S;S;S;S;S;S;S;S;S;CS;S;S;S;S;S;S;S;S;S;S;S;S;S;S;S;S;CP;P;S;S;S;P;P;P;P;P;P;S;S;P;P;S;S;S;S;S;S;S;S;S;S;S;S;S;S;S;S;S;P;S;P;P;S;P;P;S;S;S;S;S;S;S;S;S;S;S;S;S;S;S;S;S;S;S;S;S;S;S;S;S;S;S;S;S;S;S;S;S;S;S;S;S;S;S;S;S;S;S;S;S;S;S;S;S;S;C;-;C;C;C;CS;S;S;S;S;S;S;S;S;S;S;S;S;S;S;S;S;S;S
[103 - 107];S;S;S;S;S;S;S;S;S;S;S;S;S;S;S;S;S;S;S;S;S;S;S;S;S;S;S;S;S;S;S;S;S;S;S;S;C;P;S;S;S;P;P;P;P;P;P;S;S;P;P;S;S;S;S;S;S;S;S;S;S;S;S;S;S;S;S;S;P;S;P;P;S;P;P;S;S;S;S;S;S;S;S;S;S;S;S;S;S;S;S;S;S;S;S;S;S;S;S;S;S;S;S;S;S;S;S;S;S;S;S;S;S;S;S;S;S;S;S;S;S;S;S;S;S;CS;C;-;C;C;C;CS;S;S;S;S;S;S;S;S;S;S;S;S;S;S;S;S;S
[104 - 108];S;S;S;S;S;S;S;S;S;S;S;S;S;S;S;S;S;S;S;S;S;S;S;S;S;S;S;S;S;S;S;S;S;S;S;S;C;P;S;S;S;P;P;P;P;P;P;S;S;P;P;S;S;S;S;S;S;S;S;S;S;S;S;S;S;S;S;S;P;S;P;P;S;P;P;S;S;S;S;S;S;S;S;S;S;S;S;S;S;S;S;S;S;S;S;S;S;S;S;S;S;S;S;S;S;S;S;S;S;S;S;S;S;S;S;S;S;S;S;S;S;S;S;S;S;S;C;C;-;C;C;C;CS;S;S;S;S;S;S;S;S;S;S;S;S;S;S;S;S
[105 - 109];S;S;S;S;S;S;S;S;S;S;S;S;S;S;S;S;S;S;S;S;S;S;S;S;S;S;S;S;S;S;S;S;S;S;S;S;C;P;S;S;S;P;P;P;P;P;P;S;S;P;P;S;S;S;S;S;S;S;S;S;S;S;S;S;S;S;S;S;P;S;P;P;S;P;P;S;S;S;S;S;S;S;S;S;S;S;S;S;S;S;S;S;S;S;S;S;S;S;S;S;S;S;S;S;S;S;S;S;S;S;S;S;S;S;S;S;S;S;S;S;S;S;S;S;S;S;C;C;C;-;C;C;C;CS;S;S;S;S;S;S;S;S;S;S;S;S;S;S;S
[106 - 110];S;S;S;S;S;S;S;S;S;S;S;S;S;S;S;S;S;S;S;S;S;S;S;S;S;S;S;S;S;S;S;S;S;S;S;S;CS;CP;S;S;S;CP;P;P;P;P;P;S;S;P;P;S;S;S;S;S;S;S;S;S;S;S;S;S;S;S;S;S;P;S;P;P;S;P;P;S;S;S;S;S;S;S;S;S;S;S;S;S;S;S;S;S;S;S;S;S;S;S;S;S;S;S;S;S;S;S;S;S;S;S;S;S;S;S;S;S;S;S;S;S;S;S;S;S;S;S;CS;C;C;C;-;C;C;C;S;S;S;S;S;S;S;S;S;S;S;S;S;S;S
[107 - 111];S;S;S;S;S;S;S;S;S;S;S;S;S;S;S;S;S;S;S;S;S;S;S;S;S;S;S;S;S;S;S;S;S;S;S;S;S;C;S;S;S;C;P;P;P;P;P;S;S;P;P;S;S;S;S;S;S;S;S;S;S;S;S;S;S;S;S;S;P;S;P;P;S;P;P;S;S;S;S;S;S;S;S;S;S;S;S;S;S;S;S;S;S;S;S;S;S;S;S;S;S;S;S;S;S;S;S;S;S;S;S;S;S;S;S;S;S;S;S;S;S;S;S;S;S;S;S;CS;C;C;C;-;C;C;CS;S;S;S;S;S;S;S;S;S;S;S;S;S;S
[108 - 112];S;S;S;S;S;S;S;S;S;S;S;S;S;S;S;S;S;S;S;S;S;S;S;S;S;S;S;S;S;S;S;S;S;S;S;S;S;C;S;S;S;C;P;P;P;P;P;S;S;P;P;S;S;S;S;S;S;S;S;S;S;S;S;S;S;S;S;S;P;S;P;P;S;P;P;S;S;S;S;S;S;S;S;S;S;S;S;S;S;S;S;S;S;S;S;S;S;S;S;S;S;S;S;S;S;S;S;S;S;S;S;S;S;S;S;S;S;S;S;S;S;S;S;S;S;S;S;S;CS;C;C;C;-;C;C;CS;S;S;S;S;S;S;S;S;S;S;S;S;S
[109 - 113];S;S;S;S;S;S;S;S;S;S;S;S;S;S;S;S;S;S;S;S;S;S;S;S;S;S;S;S;S;S;S;S;S;S;S;S;S;C;S;S;S;C;P;P;P;P;P;S;S;P;P;S;S;S;S;S;S;S;S;S;S;S;S;S;S;S;S;S;P;S;P;P;S;P;P;S;S;S;S;S;S;S;S;S;S;S;S;S;S;S;S;S;S;S;S;S;S;S;S;S;S;S;S;S;S;S;S;S;S;S;S;S;S;S;S;S;S;S;S;S;S;S;S;S;S;S;S;S;S;CS;C;C;C;-;C;C;CS;S;S;S;S;S;S;S;S;S;S;S;S
[111 - 115];S;S;S;S;S;S;S;S;S;S;S;S;S;S;S;S;S;S;S;S;S;S;S;S;S;S;S;S;S;S;S;S;S;S;S;S;S;S;S;S;S;S;P;P;P;C;P;S;S;P;P;S;S;S;S;S;S;S;S;S;S;S;S;S;S;S;S;S;P;S;P;P;S;P;P;S;S;S;S;S;S;S;S;S;S;S;S;S;S;S;S;S;S;S;S;S;S;S;S;S;S;S;S;S;S;S;S;S;S;S;S;S;S;S;S;S;S;S;S;S;S;S;S;S;S;S;S;S;S;S;S;CS;C;C;-;C;C;C;S;S;S;S;S;S;S;S;S;S;S
[112 - 116];S;S;S;S;S;S;S;S;S;S;S;S;S;S;S;S;S;S;S;S;S;S;S;S;S;S;S;S;S;S;S;S;S;S;S;S;S;S;S;S;S;S;P;P;P;C;P;S;S;P;P;S;S;S;S;S;S;S;S;S;S;S;S;S;S;S;S;S;P;S;P;P;S;P;P;S;S;S;S;S;S;S;S;S;S;S;S;S;S;S;S;S;S;S;S;S;S;S;S;S;S;S;S;S;S;S;S;S;S;S;S;S;S;S;S;S;S;S;S;S;S;S;S;S;S;S;S;S;S;S;S;S;CS;C;C;-;C;C;CS;CS;S;S;S;S;S;S;S;S;S
[113 - 117];S;S;S;S;S;S;S;S;S;S;S;S;S;S;S;S;S;S;S;S;S;S;S;S;S;S;S;S;S;S;S;S;S;S;S;S;S;S;S;S;S;S;P;P;P;C;P;S;S;P;P;S;S;S;S;S;S;S;S;S;S;S;S;S;S;S;S;S;P;S;P;P;S;P;P;S;S;S;S;S;S;S;S;S;S;S;S;S;S;S;S;S;S;S;S;S;S;S;S;S;S;S;S;S;S;S;S;S;S;S;S;S;S;S;S;S;S;S;S;S;S;S;S;S;S;S;S;S;S;S;S;S;S;CS;C;C;-;C;C;C;CS;S;S;S;S;S;S;S;S
[114 - 118];S;S;S;S;S;S;S;S;S;S;S;S;S;S;S;S;S;S;S;S;S;S;S;S;S;S;S;S;S;S;S;S;S;S;S;S;S;S;S;S;S;S;P;P;P;CS;P;S;S;P;P;S;S;S;S;S;S;S;S;S;S;S;S;S;S;S;S;S;P;S;P;P;S;P;P;S;S;S;S;S;S;S;S;S;S;S;S;S;S;S;S;S;S;S;S;S;S;S;S;S;S;S;S;S;S;S;S;S;S;S;S;S;S;S;S;S;S;S;S;S;S;S;S;S;S;S;S;S;S;S;S;S;S;S;C;C;C;-;C;C;C;CS;CS;S;S;S;S;S;S
[116 - 120];S;S;S;S;S;S;S;S;S;S;S;S;S;S;S;S;S;S;S;S;S;S;S;S;S;S;S;S;S;S;S;S;S;S;S;S;S;S;S;S;S;S;P;P;P;S;P;S;S;P;P;S;S;S;S;S;S;S;S;S;S;S;S;S;S;S;S;S;P;S;P;P;S;P;P;S;S;S;S;S;S;S;S;S;S;S;S;S;S;S;S;S;S;S;S;S;S;S;S;S;S;S;S;S;S;S;S;S;S;S;S;S;S;S;S;S;S;S;S;S;S;S;S;S;S;S;S;S;S;S;S;S;S;S;S;CS;C;C;-;CP;C;C;C;S;S;S;S;S;S
[116 - 137];S;S;S;S;S;S;S;S;S;S;S;S;S;S;S;S;S;S;S;S;S;S;S;S;S;S;S;S;S;S;S;S;S;S;S;S;S;S;S;S;S;S;C;C;C;S;C;S;S;C;C;S;S;S;S;S;S;S;S;S;S;S;S;S;S;S;S;S;P;S;P;C;S;C;C;S;S;S;S;S;S;S;S;S;S;S;S;S;S;S;S;S;S;S;S;S;S;S;S;S;S;S;S;S;S;S;S;S;S;S;S;S;S;S;S;S;S;S;S;S;S;S;S;S;S;S;S;S;S;S;S;S;S;S;S;CS;C;C;CP-1;-;P-1;P-1;P-1;P-1;P-1;P-1;S;S;S
[117 - 122];S;S;S;S;S;S;S;S;S;S;S;S;S;S;S;S;S;S;S;S;S;S;S;S;S;S;S;S;S;S;S;S;S;S;S;S;S;S;S;S;S;S;P;P;P;S;P;S;S;P;P;S;S;S;S;S;S;S;S;S;S;S;S;S;S;S;S;S;P;S;P;P;S;P;P;S;S;S;S;S;S;S;S;S;S;S;S;S;S;S;S;S;S;S;S;S;S;S;S;S;S;S;S;S;S;S;S;S;S;S;S;S;S;S;S;S;S;S;S;S;S;S;S;S;S;S;S;S;S;S;S;S;S;S;S;S;CS;C;C;P;-;CP-1;C;CS;S;S;S;S;S
[118 - 122];S;S;S;S;S;S;S;S;S;S;S;S;S;S;S;S;S;S;S;S;S;S;S;S;S;S;S;S;S;S;S;S;S;S;S;S;S;S;S;S;S;S;P;P;P;S;P;S;S;P;P;S;S;S;S;S;S;S;S;S;S;S;S;S;S;S;S;S;P;S;P;P;S;P;P;S;S;S;S;S;S;S;S;S;S;S;S;S;S;S;S;S;S;S;S;S;S;S;S;S;S;S;S;S;S;S;S;S;S;S;S;S;S;S;S;S;S;S;S;S;S;S;S;S;S;S;S;S;S;S;S;S;S;S;S;S;S;CS;C;P;CP;-;CP;CS;S;S;S;S;S
[118 - 123];S;S;S;S;S;S;S;S;S;S;S;S;S;S;S;S;S;S;S;S;S;S;S;S;S;S;S;S;S;S;S;S;S;S;S;S;S;S;S;S;S;S;P;P;P;S;P;S;S;P;P;S;S;S;S;S;S;S;S;S;S;S;S;S;S;S;S;S;P;S;P;P;S;P;P;S;S;S;S;S;S;S;S;S;S;S;S;S;S;S;S;S;S;S;S;S;S;S;S;S;S;S;S;S;S;S;S;S;S;S;S;S;S;S;S;S;S;S;S;S;S;S;S;S;S;S;S;S;S;S;S;S;S;S;S;S;S;CS;C;P;C;CP-1;-;C;S;S;S;S;S
[122 - 127];S;S;S;S;S;S;S;S;S;S;S;S;S;S;S;S;S;S;S;S;S;S;S;S;S;S;S;S;S;S;S;S;S;S;S;S;S;S;S;S;S;S;C;C;C;S;P;S;S;C;P;S;S;S;S;S;S;S;S;S;S;S;S;S;S;S;S;S;P;S;P;P;S;P;P;S;S;S;S;S;S;S;S;S;S;S;S;S;S;S;S;S;S;S;S;S;S;S;S;S;S;S;S;S;S;S;S;S;S;S;S;S;S;S;S;S;S;S;S;S;S;S;S;S;S;S;S;S;S;S;S;S;S;S;S;S;S;S;S;P;CS;CS;C;-;C;CS;S;S;S
[126 - 131];S;S;S;S;S;S;S;S;S;S;S;S;S;S;S;S;S;S;S;S;S;S;S;S;S;S;S;S;S;S;S;S;S;S;S;S;S;S;S;S;S;S;S;S;CS;S;CP;S;S;S;CP;S;S;S;S;S;S;S;S;S;S;S;S;S;S;S;S;S;P;S;P;P;S;P;CP;S;S;S;S;S;S;S;S;S;S;S;S;S;S;S;S;S;S;S;S;S;S;S;S;S;S;S;S;S;S;S;S;S;S;S;S;S;S;S;S;S;S;S;S;S;S;S;S;S;S;S;S;S;S;S;S;S;S;S;S;S;S;S;S;P;S;S;S;C;-;CP-1;S;S;S
[127 - 131];S;S;S;S;S;S;S;S;S;S;S;S;S;S;S;S;S;S;S;S;S;S;S;S;S;S;S;S;S;S;S;S;S;S;S;S;S;S;S;S;S;S;S;S;S;S;CP;S;S;S;CP;S;S;S;S;S;S;S;S;S;S;S;S;S;S;S;S;S;P;S;P;P;S;P;CP;S;S;S;S;S;S;S;S;S;S;S;S;S;S;S;S;S;S;S;S;S;S;S;S;S;S;S;S;S;S;S;S;S;S;S;S;S;S;S;S;S;S;S;S;S;S;S;S;S;S;S;S;S;S;S;S;S;S;S;S;S;S;S;S;P;S;S;S;CS;CP;-;S;S;S
[138 - 142];S;S;S;S;S;S;S;S;S;S;S;S;S;S;S;S;S;S;S;S;S;S;S;S;S;S;S;S;S;S;S;S;S;S;S;S;S;S;S;S;S;S;S;S;S;S;S;S;S;S;S;S;S;S;S;S;S;S;S;S;S;S;S;S;S;S;S;S;P;S;C;S;S;S;S;S;S;S;S;S;S;S;S;S;S;S;S;S;S;S;S;S;S;S;S;S;S;S;S;S;S;S;S;S;S;S;S;S;S;S;S;S;S;S;S;S;S;S;S;S;S;S;S;S;S;S;S;S;S;S;S;S;S;S;S;S;S;S;S;S;S;S;S;S;S;S;-;C;C
[139 - 143];S;S;S;S;S;S;S;S;S;S;S;S;S;S;S;S;S;S;S;S;S;S;S;S;S;S;S;S;S;S;S;S;S;S;S;S;S;S;S;S;S;S;S;S;S;S;S;S;S;S;S;S;S;S;S;S;S;S;S;S;S;S;S;S;S;S;S;S;CP;S;CS;S;S;S;S;S;S;S;S;S;S;S;S;S;S;S;S;S;S;S;S;S;S;S;S;S;S;S;S;S;S;S;S;S;S;S;S;S;S;S;S;S;S;S;S;S;S;S;S;S;S;S;S;S;S;S;S;S;S;S;S;S;S;S;S;S;S;S;S;S;S;S;S;S;S;S;C;-;C
[140 - 144];S;S;S;S;S;S;S;S;S;S;S;S;S;S;S;S;S;S;S;S;S;S;S;S;S;S;S;S;S;S;S;S;S;S;S;S;S;S;S;S;S;S;S;S;S;S;S;S;S;S;S;S;S;S;S;S;S;S;S;S;S;S;S;S;S;S;S;S;C;S;S;S;S;S;S;S;S;S;S;S;S;S;S;S;S;S;S;S;S;S;S;S;S;S;S;S;S;S;S;S;S;S;S;S;S;S;S;S;S;S;S;S;S;S;S;S;S;S;S;S;S;S;S;S;S;S;S;S;S;S;S;S;S;S;S;S;S;S;S;S;S;S;S;S;S;S;C;C;-
