;[4 - 81];[5 - 35];[5 - 60];[6 - 81];[7 - 33];[7 - 34];[7 - 35];[7 - 48];[7 - 83];[8 - 30];[8 - 31];[8 - 32];[8 - 78];[8 - 79];[9 - 30];[9 - 31];[9 - 48];[9 - 76];[9 - 77];[9 - 78];[10 - 75];[10 - 76];[10 - 78];[11 - 29];[12 - 74];[14 - 25];[15 - 22];[15 - 25];[17 - 22];[17 - 23];[17 - 24];[21 - 69];[22 - 69];[23 - 68];[29 - 61];[29 - 63];[31 - 61];[31 - 70];[32 - 60];[32 - 62];[33 - 60];[35 - 83];[38 - 43];[38 - 48];[47 - 53];[48 - 77];[49 - 77];[50 - 54];[51 - 72];[56 - 69];[56 - 70];[56 - 71];[57 - 69];[57 - 70];[58 - 68];[58 - 69];[59 - 67];[59 - 68];[60 - 66];[60 - 67];[61 - 65];[61 - 66];[70 - 75]
[4 - 81];-;P-1;P-1;CP-1;P-1;P-1;P-1;P-1;C;P-1;P-1;P-1;P-1;P-1;P-1;P-1;P-1;P-1;P-1;P-1;P-1;P-1;P-1;P-1;P-1;P-1;P-1;P-1;P-1;P-1;P-1;P-1;P-1;P-1;P-1;P-1;P-1;P-1;P-1;P-1;P-1;C;P-1;P-1;P-1;P-1;P-1;P-1;P-1;P-1;P-1;P-1;P-1;P-1;P-1;P-1;P-1;P-1;P-1;P-1;P-1;P-1;P-1
[5 - 35];P;-;CP;C;P-1;P-1;CP-1;C;C;P-1;P-1;P-1;C;C;P-1;P-1;C;C;C;C;C;C;C;P-1;C;P-1;P-1;P-1;P-1;P-1;P-1;C;C;C;C;C;C;C;C;C;C;CS;S;S;S;S;S;S;S;S;S;S;S;S;S;S;S;S;S;S;S;S;S
[5 - 60];P;CP-1;-;C;P-1;P-1;P-1;P-1;C;P-1;P-1;P-1;C;C;P-1;P-1;P-1;C;C;C;C;C;C;P-1;C;P-1;P-1;P-1;P-1;P-1;P-1;C;C;C;C;C;C;C;CP-1;C;CP-1;C;P-1;P-1;P-1;C;C;P-1;C;C;C;C;C;C;C;C;C;C;CS;CS;S;S;S
[6 - 81];CP;C;C;-;P-1;P-1;P-1;P-1;C;P-1;P-1;P-1;P-1;P-1;P-1;P-1;P-1;P-1;P-1;P-1;P-1;P-1;P-1;P-1;P-1;P-1;P-1;P-1;P-1;P-1;P-1;P-1;P-1;P-1;P-1;P-1;P-1;P-1;P-1;P-1;P-1;C;P-1;P-1;P-1;P-1;P-1;P-1;P-1;P-1;P-1;P-1;P-1;P-1;P-1;P-1;P-1;P-1;P-1;P-1;P-1;P-1;P-1
[7 - 33];P;P;P;P;-;CP;CP;CP;CP;P-1;P-1;P-1;C;C;P-1;P-1;C;C;C;C;C;C;C;P-1;C;P-1;P-1;P-1;P-1;P-1;P-1;C;C;C;C;C;C;C;C;C;CS;S;S;S;S;S;S;S;S;S;S;S;S;S;S;S;S;S;S;S;S;S;S
[7 - 34];P;P;P;P;CP-1;-;CP;CP;CP;P-1;P-1;P-1;C;C;P-1;P-1;C;C;C;C;C;C;C;P-1;C;P-1;P-1;P-1;P-1;P-1;P-1;C;C;C;C;C;C;C;C;C;C;S;S;S;S;S;S;S;S;S;S;S;S;S;S;S;S;S;S;S;S;S;S
[7 - 35];P;CP;P;P;CP-1;CP-1;-;CP;CP;P-1;P-1;P-1;C;C;P-1;P-1;C;C;C;C;C;C;C;P-1;C;P-1;P-1;P-1;P-1;P-1;P-1;C;C;C;C;C;C;C;C;C;C;CS;S;S;S;S;S;S;S;S;S;S;S;S;S;S;S;S;S;S;S;S;S
[7 - 48];P;C;P;P;CP-1;CP-1;CP-1;-;CP;P-1;P-1;P-1;C;C;P-1;P-1;CP-1;C;C;C;C;C;C;P-1;C;P-1;P-1;P-1;P-1;P-1;P-1;C;C;C;C;C;C;C;C;C;C;C;P-1;CP-1;C;CS;S;S;S;S;S;S;S;S;S;S;S;S;S;S;S;S;S
[7 - 83];C;C;C;C;CP-1;CP-1;CP-1;CP-1;-;P-1;P-1;P-1;P-1;P-1;P-1;P-1;P-1;P-1;P-1;P-1;P-1;P-1;P-1;P-1;P-1;P-1;P-1;P-1;P-1;P-1;P-1;P-1;P-1;P-1;P-1;P-1;P-1;P-1;P-1;P-1;P-1;CP-1;P-1;P-1;P-1;P-1;P-1;P-1;P-1;P-1;P-1;P-1;P-1;P-1;P-1;P-1;P-1;P-1;P-1;P-1;P-1;P-1;P-1
[8 - 30];P;P;P;P;P;P;P;P;P;-;CP;CP;CP;CP;CP-1;C;C;C;C;C;C;C;C;P-1;C;P-1;P-1;P-1;P-1;P-1;P-1;C;C;C;C;C;S;S;S;S;S;S;S;S;S;S;S;S;S;S;S;S;S;S;S;S;S;S;S;S;S;S;S
[8 - 31];P;P;P;P;P;P;P;P;P;CP-1;-;CP;CP;CP;P-1;CP-1;C;C;C;C;C;C;C;P-1;C;P-1;P-1;P-1;P-1;P-1;P-1;C;C;C;C;C;CS;CS;S;S;S;S;S;S;S;S;S;S;S;S;S;S;S;S;S;S;S;S;S;S;S;S;S
[8 - 32];P;P;P;P;P;P;P;P;P;CP-1;CP-1;-;CP;CP;P-1;P-1;C;C;C;C;C;C;C;P-1;C;P-1;P-1;P-1;P-1;P-1;P-1;C;C;C;C;C;C;C;CS;CS;S;S;S;S;S;S;S;S;S;S;S;S;S;S;S;S;S;S;S;S;S;S;S
[8 - 78];P;C;C;P;C;C;C;C;P;CP-1;CP-1;CP-1;-;CP;P-1;P-1;P-1;P-1;P-1;CP-1;P-1;P-1;CP-1;P-1;P-1;P-1;P-1;P-1;P-1;P-1;P-1;P-1;P-1;P-1;P-1;P-1;P-1;P-1;P-1;P-1;P-1;C;P-1;P-1;P-1;P-1;P-1;P-1;P-1;P-1;P-1;P-1;P-1;P-1;P-1;P-1;P-1;P-1;P-1;P-1;P-1;P-1;P-1
[8 - 79];P;C;C;P;C;C;C;C;P;CP-1;CP-1;CP-1;CP-1;-;P-1;P-1;P-1;P-1;P-1;P-1;P-1;P-1;P-1;P-1;P-1;P-1;P-1;P-1;P-1;P-1;P-1;P-1;P-1;P-1;P-1;P-1;P-1;P-1;P-1;P-1;P-1;C;P-1;P-1;P-1;P-1;P-1;P-1;P-1;P-1;P-1;P-1;P-1;P-1;P-1;P-1;P-1;P-1;P-1;P-1;P-1;P-1;P-1
[9 - 30];P;P;P;P;P;P;P;P;P;CP;P;P;P;P;-;CP;CP;CP;CP;CP;C;C;C;P-1;C;P-1;P-1;P-1;P-1;P-1;P-1;C;C;C;C;C;S;S;S;S;S;S;S;S;S;S;S;S;S;S;S;S;S;S;S;S;S;S;S;S;S;S;S
[9 - 31];P;P;P;P;P;P;P;P;P;C;CP;P;P;P;CP-1;-;CP;CP;CP;CP;C;C;C;P-1;C;P-1;P-1;P-1;P-1;P-1;P-1;C;C;C;C;C;CS;CS;S;S;S;S;S;S;S;S;S;S;S;S;S;S;S;S;S;S;S;S;S;S;S;S;S
[9 - 48];P;C;P;P;C;C;C;CP;P;C;C;C;P;P;CP-1;CP-1;-;CP;CP;CP;C;C;C;P-1;C;P-1;P-1;P-1;P-1;P-1;P-1;C;C;C;C;C;C;C;C;C;C;C;P-1;CP-1;C;CS;S;S;S;S;S;S;S;S;S;S;S;S;S;S;S;S;S
[9 - 76];P;C;C;P;C;C;C;C;P;C;C;C;P;P;CP-1;CP-1;CP-1;-;CP;CP;P-1;CP-1;C;P-1;P-1;P-1;P-1;P-1;P-1;P-1;P-1;P-1;P-1;P-1;P-1;P-1;P-1;P-1;P-1;P-1;P-1;C;P-1;P-1;P-1;C;C;P-1;P-1;P-1;P-1;P-1;P-1;P-1;P-1;P-1;P-1;P-1;P-1;P-1;P-1;P-1;P-1
[9 - 77];P;C;C;P;C;C;C;C;P;C;C;C;P;P;CP-1;CP-1;CP-1;CP-1;-;CP;P-1;P-1;C;P-1;P-1;P-1;P-1;P-1;P-1;P-1;P-1;P-1;P-1;P-1;P-1;P-1;P-1;P-1;P-1;P-1;P-1;C;P-1;P-1;P-1;CP-1;CP-1;P-1;P-1;P-1;P-1;P-1;P-1;P-1;P-1;P-1;P-1;P-1;P-1;P-1;P-1;P-1;P-1
[9 - 78];P;C;C;P;C;C;C;C;P;C;C;C;CP;P;CP-1;CP-1;CP-1;CP-1;CP-1;-;P-1;P-1;CP-1;P-1;P-1;P-1;P-1;P-1;P-1;P-1;P-1;P-1;P-1;P-1;P-1;P-1;P-1;P-1;P-1;P-1;P-1;C;P-1;P-1;P-1;P-1;P-1;P-1;P-1;P-1;P-1;P-1;P-1;P-1;P-1;P-1;P-1;P-1;P-1;P-1;P-1;P-1;P-1
[10 - 75];P;C;C;P;C;C;C;C;P;C;C;C;P;P;C;C;C;P;P;P;-;CP;CP;P-1;P-1;P-1;P-1;P-1;P-1;P-1;P-1;P-1;P-1;P-1;P-1;P-1;P-1;P-1;P-1;P-1;P-1;C;P-1;P-1;P-1;C;C;P-1;P-1;P-1;P-1;P-1;P-1;P-1;P-1;P-1;P-1;P-1;P-1;P-1;P-1;P-1;CP-1
[10 - 76];P;C;C;P;C;C;C;C;P;C;C;C;P;P;C;C;C;CP;P;P;CP-1;-;CP;P-1;P-1;P-1;P-1;P-1;P-1;P-1;P-1;P-1;P-1;P-1;P-1;P-1;P-1;P-1;P-1;P-1;P-1;C;P-1;P-1;P-1;C;C;P-1;P-1;P-1;P-1;P-1;P-1;P-1;P-1;P-1;P-1;P-1;P-1;P-1;P-1;P-1;P-1
[10 - 78];P;C;C;P;C;C;C;C;P;C;C;C;CP;P;C;C;C;C;C;CP;CP-1;CP-1;-;P-1;P-1;P-1;P-1;P-1;P-1;P-1;P-1;P-1;P-1;P-1;P-1;P-1;P-1;P-1;P-1;P-1;P-1;C;P-1;P-1;P-1;P-1;P-1;P-1;P-1;P-1;P-1;P-1;P-1;P-1;P-1;P-1;P-1;P-1;P-1;P-1;P-1;P-1;P-1
[11 - 29];P;P;P;P;P;P;P;P;P;P;P;P;P;P;P;P;P;P;P;P;P;P;P;-;C;P-1;P-1;P-1;P-1;P-1;P-1;C;C;C;CS;CS;S;S;S;S;S;S;S;S;S;S;S;S;S;S;S;S;S;S;S;S;S;S;S;S;S;S;S
[12 - 74];P;C;C;P;C;C;C;C;P;C;C;C;P;P;C;C;C;P;P;P;P;P;P;C;-;P-1;P-1;P-1;P-1;P-1;P-1;P-1;P-1;P-1;P-1;P-1;P-1;P-1;P-1;P-1;P-1;C;P-1;P-1;P-1;C;C;P-1;P-1;P-1;P-1;P-1;P-1;P-1;P-1;P-1;P-1;P-1;P-1;P-1;P-1;P-1;C
[14 - 25];P;P;P;P;P;P;P;P;P;P;P;P;P;P;P;P;P;P;P;P;P;P;P;P;P;-;P-1;CP-1;P-1;P-1;P-1;C;C;C;S;S;S;S;S;S;S;S;S;S;S;S;S;S;S;S;S;S;S;S;S;S;S;S;S;S;S;S;S
[15 - 22];P;P;P;P;P;P;P;P;P;P;P;P;P;P;P;P;P;P;P;P;P;P;P;P;P;P;-;CP;CP-1;C;C;C;CS;S;S;S;S;S;S;S;S;S;S;S;S;S;S;S;S;S;S;S;S;S;S;S;S;S;S;S;S;S;S
[15 - 25];P;P;P;P;P;P;P;P;P;P;P;P;P;P;P;P;P;P;P;P;P;P;P;P;P;CP;CP-1;-;P-1;P-1;P-1;C;C;C;S;S;S;S;S;S;S;S;S;S;S;S;S;S;S;S;S;S;S;S;S;S;S;S;S;S;S;S;S
[17 - 22];P;P;P;P;P;P;P;P;P;P;P;P;P;P;P;P;P;P;P;P;P;P;P;P;P;P;CP;P;-;CP;CP;C;CS;S;S;S;S;S;S;S;S;S;S;S;S;S;S;S;S;S;S;S;S;S;S;S;S;S;S;S;S;S;S
[17 - 23];P;P;P;P;P;P;P;P;P;P;P;P;P;P;P;P;P;P;P;P;P;P;P;P;P;P;C;P;CP-1;-;CP;C;C;CS;S;S;S;S;S;S;S;S;S;S;S;S;S;S;S;S;S;S;S;S;S;S;S;S;S;S;S;S;S
[17 - 24];P;P;P;P;P;P;P;P;P;P;P;P;P;P;P;P;P;P;P;P;P;P;P;P;P;P;C;P;CP-1;CP-1;-;C;C;C;S;S;S;S;S;S;S;S;S;S;S;S;S;S;S;S;S;S;S;S;S;S;S;S;S;S;S;S;S
[21 - 69];P;C;C;P;C;C;C;C;P;C;C;C;P;P;C;C;C;P;P;P;P;P;P;C;P;C;C;C;C;C;C;-;CP-1;P-1;P-1;P-1;P-1;C;P-1;P-1;P-1;C;P-1;P-1;P-1;C;C;P-1;C;CP-1;C;C;CP-1;C;P-1;CP-1;P-1;P-1;P-1;P-1;P-1;P-1;S
[22 - 69];P;C;C;P;C;C;C;C;P;C;C;C;P;P;C;C;C;P;P;P;P;P;P;C;P;C;CS;C;CS;C;C;CP;-;P-1;P-1;P-1;P-1;C;P-1;P-1;P-1;C;P-1;P-1;P-1;C;C;P-1;C;CP-1;C;C;CP-1;C;P-1;CP-1;P-1;P-1;P-1;P-1;P-1;P-1;S
[23 - 68];P;C;C;P;C;C;C;C;P;C;C;C;P;P;C;C;C;P;P;P;P;P;P;C;P;C;S;C;S;CS;C;P;P;-;P-1;P-1;P-1;C;P-1;P-1;P-1;C;P-1;P-1;P-1;C;C;P-1;C;C;C;C;C;C;CP-1;C;P-1;CP-1;P-1;P-1;P-1;P-1;S
[29 - 61];P;C;C;P;C;C;C;C;P;C;C;C;P;P;C;C;C;P;P;P;P;P;P;CS;P;S;S;S;S;S;S;P;P;P;-;CP;CP-1;C;P-1;C;P-1;C;P-1;P-1;P-1;C;C;P-1;C;C;C;C;C;C;C;C;C;C;C;C;CS;CS;S
[29 - 63];P;C;C;P;C;C;C;C;P;C;C;C;P;P;C;C;C;P;P;P;P;P;P;CS;P;S;S;S;S;S;S;P;P;P;CP-1;-;P-1;C;P-1;P-1;P-1;C;P-1;P-1;P-1;C;C;P-1;C;C;C;C;C;C;C;C;C;C;C;C;C;C;S
[31 - 61];P;C;C;P;C;C;C;C;P;S;CS;C;P;P;S;CS;C;P;P;P;P;P;P;S;P;S;S;S;S;S;S;P;P;P;CP;P;-;CP;P-1;C;P-1;C;P-1;P-1;P-1;C;C;P-1;C;C;C;C;C;C;C;C;C;C;C;C;CS;CS;S
[31 - 70];P;C;C;P;C;C;C;C;P;S;CS;C;P;P;S;CS;C;P;P;P;P;P;P;S;P;S;S;S;S;S;S;C;C;C;C;C;CP-1;-;P-1;P-1;P-1;C;P-1;P-1;P-1;C;C;P-1;C;P-1;CP-1;C;P-1;CP-1;P-1;P-1;P-1;P-1;P-1;P-1;P-1;P-1;CS
[32 - 60];P;C;CP;P;C;C;C;C;P;S;S;CS;P;P;S;S;C;P;P;P;P;P;P;S;P;S;S;S;S;S;S;P;P;P;P;P;P;P;-;CP;CP-1;C;P-1;P-1;P-1;C;C;P-1;C;C;C;C;C;C;C;C;C;C;CS;CS;S;S;S
[32 - 62];P;C;C;P;C;C;C;C;P;S;S;CS;P;P;S;S;C;P;P;P;P;P;P;S;P;S;S;S;S;S;S;P;P;P;C;P;C;P;CP-1;-;P-1;C;P-1;P-1;P-1;C;C;P-1;C;C;C;C;C;C;C;C;C;C;C;C;C;C;S
[33 - 60];P;C;CP;P;CS;C;C;C;P;S;S;S;P;P;S;S;C;P;P;P;P;P;P;S;P;S;S;S;S;S;S;P;P;P;P;P;P;P;CP;P;-;C;P-1;P-1;P-1;C;C;P-1;C;C;C;C;C;C;C;C;C;C;CS;CS;S;S;S
[35 - 83];C;CS;C;C;S;S;CS;C;CP;S;S;S;C;C;S;S;C;C;C;C;C;C;C;S;C;S;S;S;S;S;S;C;C;C;C;C;C;C;C;C;C;-;P-1;P-1;P-1;P-1;P-1;P-1;P-1;P-1;P-1;P-1;P-1;P-1;P-1;P-1;P-1;P-1;P-1;P-1;P-1;P-1;P-1
[38 - 43];P;S;P;P;S;S;S;P;P;S;S;S;P;P;S;S;P;P;P;P;P;P;P;S;P;S;S;S;S;S;S;P;P;P;P;P;P;P;P;P;P;P;-;CP;S;S;S;S;S;S;S;S;S;S;S;S;S;S;S;S;S;S;S
[38 - 48];P;S;P;P;S;S;S;CP;P;S;S;S;P;P;S;S;CP;P;P;P;P;P;P;S;P;S;S;S;S;S;S;P;P;P;P;P;P;P;P;P;P;P;CP-1;-;C;CS;S;S;S;S;S;S;S;S;S;S;S;S;S;S;S;S;S
[47 - 53];P;S;P;P;S;S;S;C;P;S;S;S;P;P;S;S;C;P;P;P;P;P;P;S;P;S;S;S;S;S;S;P;P;P;P;P;P;P;P;P;P;P;S;C;-;C;C;C;C;S;S;S;S;S;S;S;S;S;S;S;S;S;S
[48 - 77];P;S;C;P;S;S;S;CS;P;S;S;S;P;P;S;S;CS;C;CP;P;C;C;P;S;C;S;S;S;S;S;S;C;C;C;C;C;C;C;C;C;C;P;S;CS;C;-;CP-1;P-1;P-1;P-1;P-1;P-1;P-1;P-1;P-1;P-1;P-1;P-1;P-1;P-1;P-1;P-1;P-1
[49 - 77];P;S;C;P;S;S;S;S;P;S;S;S;P;P;S;S;S;C;CP;P;C;C;P;S;C;S;S;S;S;S;S;C;C;C;C;C;C;C;C;C;C;P;S;S;C;CP;-;P-1;P-1;P-1;P-1;P-1;P-1;P-1;P-1;P-1;P-1;P-1;P-1;P-1;P-1;P-1;P-1
[50 - 54];P;S;P;P;S;S;S;S;P;S;S;S;P;P;S;S;S;P;P;P;P;P;P;S;P;S;S;S;S;S;S;P;P;P;P;P;P;P;P;P;P;P;S;S;C;P;P;-;C;S;S;S;S;S;S;S;S;S;S;S;S;S;S
[51 - 72];P;S;C;P;S;S;S;S;P;S;S;S;P;P;S;S;S;P;P;P;P;P;P;S;P;S;S;S;S;S;S;C;C;C;C;C;C;C;C;C;C;P;S;S;C;P;P;C;-;P-1;P-1;P-1;P-1;P-1;P-1;P-1;P-1;P-1;P-1;P-1;P-1;P-1;C
[56 - 69];P;S;C;P;S;S;S;S;P;S;S;S;P;P;S;S;S;P;P;P;P;P;P;S;P;S;S;S;S;S;S;CP;CP;C;C;C;C;P;C;C;C;P;S;S;S;P;P;S;P;-;CP;CP;CP-1;C;P-1;CP-1;P-1;P-1;P-1;P-1;P-1;P-1;S
[56 - 70];P;S;C;P;S;S;S;S;P;S;S;S;P;P;S;S;S;P;P;P;P;P;P;S;P;S;S;S;S;S;S;C;C;C;C;C;C;CP;C;C;C;P;S;S;S;P;P;S;P;CP-1;-;CP;P-1;CP-1;P-1;P-1;P-1;P-1;P-1;P-1;P-1;P-1;CS
[56 - 71];P;S;C;P;S;S;S;S;P;S;S;S;P;P;S;S;S;P;P;P;P;P;P;S;P;S;S;S;S;S;S;C;C;C;C;C;C;C;C;C;C;P;S;S;S;P;P;S;P;CP-1;CP-1;-;P-1;P-1;P-1;P-1;P-1;P-1;P-1;P-1;P-1;P-1;C
[57 - 69];P;S;C;P;S;S;S;S;P;S;S;S;P;P;S;S;S;P;P;P;P;P;P;S;P;S;S;S;S;S;S;CP;CP;C;C;C;C;P;C;C;C;P;S;S;S;P;P;S;P;CP;P;P;-;CP;P-1;CP-1;P-1;P-1;P-1;P-1;P-1;P-1;S
[57 - 70];P;S;C;P;S;S;S;S;P;S;S;S;P;P;S;S;S;P;P;P;P;P;P;S;P;S;S;S;S;S;S;C;C;C;C;C;C;CP;C;C;C;P;S;S;S;P;P;S;P;C;CP;P;CP-1;-;P-1;P-1;P-1;P-1;P-1;P-1;P-1;P-1;CS
[58 - 68];P;S;C;P;S;S;S;S;P;S;S;S;P;P;S;S;S;P;P;P;P;P;P;S;P;S;S;S;S;S;S;P;P;CP;C;C;C;P;C;C;C;P;S;S;S;P;P;S;P;P;P;P;P;P;-;CP;P-1;CP-1;P-1;P-1;P-1;P-1;S
[58 - 69];P;S;C;P;S;S;S;S;P;S;S;S;P;P;S;S;S;P;P;P;P;P;P;S;P;S;S;S;S;S;S;CP;CP;C;C;C;C;P;C;C;C;P;S;S;S;P;P;S;P;CP;P;P;CP;P;CP-1;-;P-1;P-1;P-1;P-1;P-1;P-1;S
[59 - 67];P;S;C;P;S;S;S;S;P;S;S;S;P;P;S;S;S;P;P;P;P;P;P;S;P;S;S;S;S;S;S;P;P;P;C;C;C;P;C;C;C;P;S;S;S;P;P;S;P;P;P;P;P;P;P;P;-;CP;P-1;CP-1;P-1;P-1;S
[59 - 68];P;S;C;P;S;S;S;S;P;S;S;S;P;P;S;S;S;P;P;P;P;P;P;S;P;S;S;S;S;S;S;P;P;CP;C;C;C;P;C;C;C;P;S;S;S;P;P;S;P;P;P;P;P;P;CP;P;CP-1;-;P-1;P-1;P-1;P-1;S
[60 - 66];P;S;CS;P;S;S;S;S;P;S;S;S;P;P;S;S;S;P;P;P;P;P;P;S;P;S;S;S;S;S;S;P;P;P;C;C;C;P;CS;C;CS;P;S;S;S;P;P;S;P;P;P;P;P;P;P;P;P;P;-;CP;P-1;CP-1;S
[60 - 67];P;S;CS;P;S;S;S;S;P;S;S;S;P;P;S;S;S;P;P;P;P;P;P;S;P;S;S;S;S;S;S;P;P;P;C;C;C;P;CS;C;CS;P;S;S;S;P;P;S;P;P;P;P;P;P;P;P;CP;P;CP-1;-;P-1;P-1;S
[61 - 65];P;S;S;P;S;S;S;S;P;S;S;S;P;P;S;S;S;P;P;P;P;P;P;S;P;S;S;S;S;S;S;P;P;P;CS;C;CS;P;S;C;S;P;S;S;S;P;P;S;P;P;P;P;P;P;P;P;P;P;P;P;-;CP;S
[61 - 66];P;S;S;P;S;S;S;S;P;S;S;S;P;P;S;S;S;P;P;P;P;P;P;S;P;S;S;S;S;S;S;P;P;P;CS;C;CS;P;S;C;S;P;S;S;S;P;P;S;P;P;P;P;P;P;P;P;P;P;CP;P;CP-1;-;S
[70 - 75];P;S;S;P;S;S;S;S;P;S;S;S;P;P;S;S;S;P;P;P;CP;P;P;S;C;S;S;S;S;S;S;S;S;S;S;S;S;CS;S;S;S;P;S;S;S;P;P;S;C;S;CS;C;S;CS;S;S;S;S;S;S;S;S;-
