;[2 - 6];[4 - 8];[5 - 9];[12 - 139];[18 - 98];[20 - 34];[22 - 98];[22 - 105];[26 - 105];[27 - 31];[28 - 32];[28 - 108];[28 - 110];[29 - 33];[30 - 34];[32 - 36];[36 - 222];[37 - 41];[38 - 42];[40 - 223];[40 - 225];[40 - 226];[42 - 46];[43 - 72];[44 - 48];[47 - 51];[50 - 56];[54 - 165];[56 - 64];[58 - 157];[60 - 153];[63 - 153];[64 - 68];[65 - 69];[66 - 70];[67 - 71];[68 - 72];[71 - 75];[71 - 146];[72 - 76];[76 - 80];[79 - 83];[80 - 84];[82 - 86];[82 - 125];[82 - 135];[83 - 87];[83 - 95];[84 - 88];[87 - 94];[90 - 122];[92 - 101];[103 - 107];[103 - 112];[104 - 108];[106 - 112];[107 - 112];[111 - 115];[111 - 207];[112 - 116];[116 - 120];[117 - 203];[119 - 123];[124 - 128];[128 - 186];[132 - 136];[134 - 138];[134 - 186];[135 - 139];[147 - 243];[152 - 158];[155 - 159];[160 - 164];[167 - 171];[169 - 173];[171 - 175];[173 - 177];[180 - 184];[186 - 190];[187 - 191];[188 - 192];[191 - 195];[191 - 248];[195 - 247];[195 - 248];[201 - 205];[206 - 210];[211 - 215];[226 - 230];[227 - 231];[228 - 232];[229 - 233];[235 - 239]
[2 - 6];-;C;C;S;S;S;S;S;S;S;S;S;S;S;S;S;S;S;S;S;S;S;S;S;S;S;S;S;S;S;S;S;S;S;S;S;S;S;S;S;S;S;S;S;S;S;S;S;S;S;S;S;S;S;S;S;S;S;S;S;S;S;S;S;S;S;S;S;S;S;S;S;S;S;S;S;S;S;S;S;S;S;S;S;S;S;S;S;S;S;S;S;S
[4 - 8];C;-;C;S;S;S;S;S;S;S;S;S;S;S;S;S;S;S;S;S;S;S;S;S;S;S;S;S;S;S;S;S;S;S;S;S;S;S;S;S;S;S;S;S;S;S;S;S;S;S;S;S;S;S;S;S;S;S;S;S;S;S;S;S;S;S;S;S;S;S;S;S;S;S;S;S;S;S;S;S;S;S;S;S;S;S;S;S;S;S;S;S;S
[5 - 9];C;C;-;S;S;S;S;S;S;S;S;S;S;S;S;S;S;S;S;S;S;S;S;S;S;S;S;S;S;S;S;S;S;S;S;S;S;S;S;S;S;S;S;S;S;S;S;S;S;S;S;S;S;S;S;S;S;S;S;S;S;S;S;S;S;S;S;S;S;S;S;S;S;S;S;S;S;S;S;S;S;S;S;S;S;S;S;S;S;S;S;S;S
[12 - 139];S;S;S;-;P-1;P-1;P-1;P-1;P-1;P-1;P-1;P-1;P-1;P-1;P-1;P-1;C;P-1;P-1;C;C;C;P-1;P-1;P-1;P-1;P-1;C;P-1;C;C;C;P-1;P-1;P-1;P-1;P-1;P-1;C;P-1;P-1;P-1;P-1;P-1;P-1;P-1;P-1;P-1;P-1;P-1;P-1;P-1;P-1;P-1;P-1;P-1;P-1;P-1;C;P-1;P-1;C;P-1;P-1;C;P-1;P-1;C;CP-1;S;S;S;S;S;S;S;S;S;S;S;S;S;S;S;S;S;S;S;S;S;S;S;S
[18 - 98];S;S;S;P;-;P-1;CP-1;C;C;P-1;P-1;C;C;P-1;P-1;P-1;C;P-1;P-1;C;C;C;P-1;P-1;P-1;P-1;P-1;C;P-1;C;C;C;P-1;P-1;P-1;P-1;P-1;P-1;C;P-1;P-1;P-1;P-1;P-1;C;C;P-1;P-1;P-1;P-1;C;C;S;S;S;S;S;S;S;S;S;S;S;S;S;S;S;S;S;S;S;S;S;S;S;S;S;S;S;S;S;S;S;S;S;S;S;S;S;S;S;S;S
[20 - 34];S;S;S;P;P;-;C;C;C;P-1;P-1;C;C;P-1;CP-1;C;S;S;S;S;S;S;S;S;S;S;S;S;S;S;S;S;S;S;S;S;S;S;S;S;S;S;S;S;S;S;S;S;S;S;S;S;S;S;S;S;S;S;S;S;S;S;S;S;S;S;S;S;S;S;S;S;S;S;S;S;S;S;S;S;S;S;S;S;S;S;S;S;S;S;S;S;S
[22 - 98];S;S;S;P;CP;C;-;CP;C;P-1;P-1;C;C;P-1;P-1;P-1;C;P-1;P-1;C;C;C;P-1;P-1;P-1;P-1;P-1;C;P-1;C;C;C;P-1;P-1;P-1;P-1;P-1;P-1;C;P-1;P-1;P-1;P-1;P-1;C;C;P-1;P-1;P-1;P-1;C;C;S;S;S;S;S;S;S;S;S;S;S;S;S;S;S;S;S;S;S;S;S;S;S;S;S;S;S;S;S;S;S;S;S;S;S;S;S;S;S;S;S
[22 - 105];S;S;S;P;C;C;CP-1;-;CP-1;P-1;P-1;C;C;P-1;P-1;P-1;C;P-1;P-1;C;C;C;P-1;P-1;P-1;P-1;P-1;C;P-1;C;C;C;P-1;P-1;P-1;P-1;P-1;P-1;C;P-1;P-1;P-1;P-1;P-1;C;C;P-1;P-1;P-1;P-1;C;P-1;C;C;C;S;S;S;S;S;S;S;S;S;S;S;S;S;S;S;S;S;S;S;S;S;S;S;S;S;S;S;S;S;S;S;S;S;S;S;S;S;S
[26 - 105];S;S;S;P;C;C;C;CP;-;P-1;P-1;C;C;P-1;P-1;P-1;C;P-1;P-1;C;C;C;P-1;P-1;P-1;P-1;P-1;C;P-1;C;C;C;P-1;P-1;P-1;P-1;P-1;P-1;C;P-1;P-1;P-1;P-1;P-1;C;C;P-1;P-1;P-1;P-1;C;P-1;C;C;C;S;S;S;S;S;S;S;S;S;S;S;S;S;S;S;S;S;S;S;S;S;S;S;S;S;S;S;S;S;S;S;S;S;S;S;S;S;S
[27 - 31];S;S;S;P;P;P;P;P;P;-;C;C;C;C;C;S;S;S;S;S;S;S;S;S;S;S;S;S;S;S;S;S;S;S;S;S;S;S;S;S;S;S;S;S;S;S;S;S;S;S;S;S;S;S;S;S;S;S;S;S;S;S;S;S;S;S;S;S;S;S;S;S;S;S;S;S;S;S;S;S;S;S;S;S;S;S;S;S;S;S;S;S;S
[28 - 32];S;S;S;P;P;P;P;P;P;C;-;CP;CP;C;C;CS;S;S;S;S;S;S;S;S;S;S;S;S;S;S;S;S;S;S;S;S;S;S;S;S;S;S;S;S;S;S;S;S;S;S;S;S;S;S;S;S;S;S;S;S;S;S;S;S;S;S;S;S;S;S;S;S;S;S;S;S;S;S;S;S;S;S;S;S;S;S;S;S;S;S;S;S;S
[28 - 108];S;S;S;P;C;C;C;C;C;C;CP-1;-;CP;P-1;P-1;P-1;C;P-1;P-1;C;C;C;P-1;P-1;P-1;P-1;P-1;C;P-1;C;C;C;P-1;P-1;P-1;P-1;P-1;P-1;C;P-1;P-1;P-1;P-1;P-1;C;C;P-1;P-1;P-1;P-1;C;P-1;P-1;C;CP-1;C;C;S;S;S;S;S;S;S;S;S;S;S;S;S;S;S;S;S;S;S;S;S;S;S;S;S;S;S;S;S;S;S;S;S;S;S;S
[28 - 110];S;S;S;P;C;C;C;C;C;C;CP-1;CP-1;-;P-1;P-1;P-1;C;P-1;P-1;C;C;C;P-1;P-1;P-1;P-1;P-1;C;P-1;C;C;C;P-1;P-1;P-1;P-1;P-1;P-1;C;P-1;P-1;P-1;P-1;P-1;C;C;P-1;P-1;P-1;P-1;C;P-1;P-1;C;P-1;C;C;S;S;S;S;S;S;S;S;S;S;S;S;S;S;S;S;S;S;S;S;S;S;S;S;S;S;S;S;S;S;S;S;S;S;S;S
[29 - 33];S;S;S;P;P;P;P;P;P;C;C;P;P;-;C;C;S;S;S;S;S;S;S;S;S;S;S;S;S;S;S;S;S;S;S;S;S;S;S;S;S;S;S;S;S;S;S;S;S;S;S;S;S;S;S;S;S;S;S;S;S;S;S;S;S;S;S;S;S;S;S;S;S;S;S;S;S;S;S;S;S;S;S;S;S;S;S;S;S;S;S;S;S
[30 - 34];S;S;S;P;P;CP;P;P;P;C;C;P;P;C;-;C;S;S;S;S;S;S;S;S;S;S;S;S;S;S;S;S;S;S;S;S;S;S;S;S;S;S;S;S;S;S;S;S;S;S;S;S;S;S;S;S;S;S;S;S;S;S;S;S;S;S;S;S;S;S;S;S;S;S;S;S;S;S;S;S;S;S;S;S;S;S;S;S;S;S;S;S;S
[32 - 36];S;S;S;P;P;C;P;P;P;S;CS;P;P;C;C;-;CS;S;S;S;S;S;S;S;S;S;S;S;S;S;S;S;S;S;S;S;S;S;S;S;S;S;S;S;S;S;S;S;S;S;S;S;S;S;S;S;S;S;S;S;S;S;S;S;S;S;S;S;S;S;S;S;S;S;S;S;S;S;S;S;S;S;S;S;S;S;S;S;S;S;S;S;S
[36 - 222];S;S;S;C;C;S;C;C;C;S;S;C;C;S;S;CS;-;P-1;P-1;C;C;C;P-1;P-1;P-1;P-1;P-1;P-1;P-1;P-1;P-1;P-1;P-1;P-1;P-1;P-1;P-1;P-1;P-1;P-1;P-1;P-1;P-1;P-1;P-1;P-1;P-1;P-1;P-1;P-1;P-1;P-1;P-1;P-1;P-1;P-1;P-1;P-1;P-1;P-1;P-1;P-1;P-1;P-1;P-1;P-1;P-1;P-1;P-1;C;P-1;P-1;P-1;P-1;P-1;P-1;P-1;P-1;P-1;P-1;P-1;P-1;C;C;C;P-1;P-1;P-1;S;S;S;S;S
[37 - 41];S;S;S;P;P;S;P;P;P;S;S;P;P;S;S;S;P;-;C;C;C;C;S;S;S;S;S;S;S;S;S;S;S;S;S;S;S;S;S;S;S;S;S;S;S;S;S;S;S;S;S;S;S;S;S;S;S;S;S;S;S;S;S;S;S;S;S;S;S;S;S;S;S;S;S;S;S;S;S;S;S;S;S;S;S;S;S;S;S;S;S;S;S
[38 - 42];S;S;S;P;P;S;P;P;P;S;S;P;P;S;S;S;P;C;-;C;C;C;CS;S;S;S;S;S;S;S;S;S;S;S;S;S;S;S;S;S;S;S;S;S;S;S;S;S;S;S;S;S;S;S;S;S;S;S;S;S;S;S;S;S;S;S;S;S;S;S;S;S;S;S;S;S;S;S;S;S;S;S;S;S;S;S;S;S;S;S;S;S;S
[40 - 223];S;S;S;C;C;S;C;C;C;S;S;C;C;S;S;S;C;C;C;-;CP;CP;P-1;P-1;P-1;P-1;P-1;P-1;P-1;P-1;P-1;P-1;P-1;P-1;P-1;P-1;P-1;P-1;P-1;P-1;P-1;P-1;P-1;P-1;P-1;P-1;P-1;P-1;P-1;P-1;P-1;P-1;P-1;P-1;P-1;P-1;P-1;P-1;P-1;P-1;P-1;P-1;P-1;P-1;P-1;P-1;P-1;P-1;P-1;C;P-1;P-1;P-1;P-1;P-1;P-1;P-1;P-1;P-1;P-1;P-1;P-1;C;C;C;P-1;P-1;P-1;S;S;S;S;S
[40 - 225];S;S;S;C;C;S;C;C;C;S;S;C;C;S;S;S;C;C;C;CP-1;-;CP;P-1;P-1;P-1;P-1;P-1;P-1;P-1;P-1;P-1;P-1;P-1;P-1;P-1;P-1;P-1;P-1;P-1;P-1;P-1;P-1;P-1;P-1;P-1;P-1;P-1;P-1;P-1;P-1;P-1;P-1;P-1;P-1;P-1;P-1;P-1;P-1;P-1;P-1;P-1;P-1;P-1;P-1;P-1;P-1;P-1;P-1;P-1;C;P-1;P-1;P-1;P-1;P-1;P-1;P-1;P-1;P-1;P-1;P-1;P-1;C;C;C;P-1;P-1;P-1;S;S;S;S;S
[40 - 226];S;S;S;C;C;S;C;C;C;S;S;C;C;S;S;S;C;C;C;CP-1;CP-1;-;P-1;P-1;P-1;P-1;P-1;P-1;P-1;P-1;P-1;P-1;P-1;P-1;P-1;P-1;P-1;P-1;P-1;P-1;P-1;P-1;P-1;P-1;P-1;P-1;P-1;P-1;P-1;P-1;P-1;P-1;P-1;P-1;P-1;P-1;P-1;P-1;P-1;P-1;P-1;P-1;P-1;P-1;P-1;P-1;P-1;P-1;P-1;C;P-1;P-1;P-1;P-1;P-1;P-1;P-1;P-1;P-1;P-1;P-1;P-1;C;C;C;P-1;P-1;P-1;CS;S;S;S;S
[42 - 46];S;S;S;P;P;S;P;P;P;S;S;P;P;S;S;S;P;S;CS;P;P;P;-;C;C;S;S;S;S;S;S;S;S;S;S;S;S;S;S;S;S;S;S;S;S;S;S;S;S;S;S;S;S;S;S;S;S;S;S;S;S;S;S;S;S;S;S;S;S;S;S;S;S;S;S;S;S;S;S;S;S;S;S;S;S;S;S;S;S;S;S;S;S
[43 - 72];S;S;S;P;P;S;P;P;P;S;S;P;P;S;S;S;P;S;S;P;P;P;C;-;P-1;P-1;P-1;C;P-1;C;C;C;P-1;P-1;P-1;P-1;CP-1;C;C;CS;S;S;S;S;S;S;S;S;S;S;S;S;S;S;S;S;S;S;S;S;S;S;S;S;S;S;S;S;S;S;S;S;S;S;S;S;S;S;S;S;S;S;S;S;S;S;S;S;S;S;S;S;S
[44 - 48];S;S;S;P;P;S;P;P;P;S;S;P;P;S;S;S;P;S;S;P;P;P;C;P;-;C;S;S;S;S;S;S;S;S;S;S;S;S;S;S;S;S;S;S;S;S;S;S;S;S;S;S;S;S;S;S;S;S;S;S;S;S;S;S;S;S;S;S;S;S;S;S;S;S;S;S;S;S;S;S;S;S;S;S;S;S;S;S;S;S;S;S;S
[47 - 51];S;S;S;P;P;S;P;P;P;S;S;P;P;S;S;S;P;S;S;P;P;P;S;P;C;-;C;S;S;S;S;S;S;S;S;S;S;S;S;S;S;S;S;S;S;S;S;S;S;S;S;S;S;S;S;S;S;S;S;S;S;S;S;S;S;S;S;S;S;S;S;S;S;S;S;S;S;S;S;S;S;S;S;S;S;S;S;S;S;S;S;S;S
[50 - 56];S;S;S;P;P;S;P;P;P;S;S;P;P;S;S;S;P;S;S;P;P;P;S;P;S;C;-;C;CS;S;S;S;S;S;S;S;S;S;S;S;S;S;S;S;S;S;S;S;S;S;S;S;S;S;S;S;S;S;S;S;S;S;S;S;S;S;S;S;S;S;S;S;S;S;S;S;S;S;S;S;S;S;S;S;S;S;S;S;S;S;S;S;S
[54 - 165];S;S;S;C;C;S;C;C;C;S;S;C;C;S;S;S;P;S;S;P;P;P;S;C;S;S;C;-;P-1;P-1;P-1;P-1;P-1;P-1;P-1;P-1;P-1;P-1;P-1;P-1;P-1;P-1;P-1;P-1;P-1;P-1;P-1;P-1;P-1;P-1;P-1;P-1;P-1;P-1;P-1;P-1;P-1;P-1;C;P-1;P-1;C;P-1;P-1;C;P-1;P-1;C;P-1;C;P-1;P-1;P-1;S;S;S;S;S;S;S;S;S;S;S;S;S;S;S;S;S;S;S;S
[56 - 64];S;S;S;P;P;S;P;P;P;S;S;P;P;S;S;S;P;S;S;P;P;P;S;P;S;S;CS;P;-;C;C;C;CS;S;S;S;S;S;S;S;S;S;S;S;S;S;S;S;S;S;S;S;S;S;S;S;S;S;S;S;S;S;S;S;S;S;S;S;S;S;S;S;S;S;S;S;S;S;S;S;S;S;S;S;S;S;S;S;S;S;S;S;S
[58 - 157];S;S;S;C;C;S;C;C;C;S;S;C;C;S;S;S;P;S;S;P;P;P;S;C;S;S;S;P;C;-;P-1;P-1;P-1;P-1;P-1;P-1;P-1;P-1;P-1;P-1;P-1;P-1;P-1;P-1;P-1;P-1;P-1;P-1;P-1;P-1;P-1;P-1;P-1;P-1;P-1;P-1;P-1;P-1;C;P-1;P-1;C;P-1;P-1;C;P-1;P-1;C;P-1;C;C;C;S;S;S;S;S;S;S;S;S;S;S;S;S;S;S;S;S;S;S;S;S
[60 - 153];S;S;S;C;C;S;C;C;C;S;S;C;C;S;S;S;P;S;S;P;P;P;S;C;S;S;S;P;C;P;-;CP-1;P-1;P-1;P-1;P-1;P-1;P-1;P-1;P-1;P-1;P-1;P-1;P-1;P-1;P-1;P-1;P-1;P-1;P-1;P-1;P-1;P-1;P-1;P-1;P-1;P-1;P-1;C;P-1;P-1;C;P-1;P-1;C;P-1;P-1;C;P-1;C;C;S;S;S;S;S;S;S;S;S;S;S;S;S;S;S;S;S;S;S;S;S;S
[63 - 153];S;S;S;C;C;S;C;C;C;S;S;C;C;S;S;S;P;S;S;P;P;P;S;C;S;S;S;P;C;P;CP;-;P-1;P-1;P-1;P-1;P-1;P-1;P-1;P-1;P-1;P-1;P-1;P-1;P-1;P-1;P-1;P-1;P-1;P-1;P-1;P-1;P-1;P-1;P-1;P-1;P-1;P-1;C;P-1;P-1;C;P-1;P-1;C;P-1;P-1;C;P-1;C;C;S;S;S;S;S;S;S;S;S;S;S;S;S;S;S;S;S;S;S;S;S;S
[64 - 68];S;S;S;P;P;S;P;P;P;S;S;P;P;S;S;S;P;S;S;P;P;P;S;P;S;S;S;P;CS;P;P;P;-;C;C;C;CS;S;S;S;S;S;S;S;S;S;S;S;S;S;S;S;S;S;S;S;S;S;S;S;S;S;S;S;S;S;S;S;S;S;S;S;S;S;S;S;S;S;S;S;S;S;S;S;S;S;S;S;S;S;S;S;S
[65 - 69];S;S;S;P;P;S;P;P;P;S;S;P;P;S;S;S;P;S;S;P;P;P;S;P;S;S;S;P;S;P;P;P;C;-;C;C;C;S;S;S;S;S;S;S;S;S;S;S;S;S;S;S;S;S;S;S;S;S;S;S;S;S;S;S;S;S;S;S;S;S;S;S;S;S;S;S;S;S;S;S;S;S;S;S;S;S;S;S;S;S;S;S;S
[66 - 70];S;S;S;P;P;S;P;P;P;S;S;P;P;S;S;S;P;S;S;P;P;P;S;P;S;S;S;P;S;P;P;P;C;C;-;C;C;S;S;S;S;S;S;S;S;S;S;S;S;S;S;S;S;S;S;S;S;S;S;S;S;S;S;S;S;S;S;S;S;S;S;S;S;S;S;S;S;S;S;S;S;S;S;S;S;S;S;S;S;S;S;S;S
[67 - 71];S;S;S;P;P;S;P;P;P;S;S;P;P;S;S;S;P;S;S;P;P;P;S;P;S;S;S;P;S;P;P;P;C;C;C;-;C;CS;CS;S;S;S;S;S;S;S;S;S;S;S;S;S;S;S;S;S;S;S;S;S;S;S;S;S;S;S;S;S;S;S;S;S;S;S;S;S;S;S;S;S;S;S;S;S;S;S;S;S;S;S;S;S;S
[68 - 72];S;S;S;P;P;S;P;P;P;S;S;P;P;S;S;S;P;S;S;P;P;P;S;CP;S;S;S;P;S;P;P;P;CS;C;C;C;-;C;C;CS;S;S;S;S;S;S;S;S;S;S;S;S;S;S;S;S;S;S;S;S;S;S;S;S;S;S;S;S;S;S;S;S;S;S;S;S;S;S;S;S;S;S;S;S;S;S;S;S;S;S;S;S;S
[71 - 75];S;S;S;P;P;S;P;P;P;S;S;P;P;S;S;S;P;S;S;P;P;P;S;C;S;S;S;P;S;P;P;P;S;S;S;CS;C;-;CP;C;S;S;S;S;S;S;S;S;S;S;S;S;S;S;S;S;S;S;S;S;S;S;S;S;S;S;S;S;S;S;S;S;S;S;S;S;S;S;S;S;S;S;S;S;S;S;S;S;S;S;S;S;S
[71 - 146];S;S;S;C;C;S;C;C;C;S;S;C;C;S;S;S;P;S;S;P;P;P;S;C;S;S;S;P;S;P;P;P;S;S;S;CS;C;CP-1;-;P-1;P-1;P-1;P-1;P-1;P-1;P-1;P-1;P-1;P-1;P-1;P-1;P-1;P-1;P-1;P-1;P-1;P-1;P-1;C;P-1;P-1;C;P-1;P-1;C;P-1;P-1;C;P-1;S;S;S;S;S;S;S;S;S;S;S;S;S;S;S;S;S;S;S;S;S;S;S;S
[72 - 76];S;S;S;P;P;S;P;P;P;S;S;P;P;S;S;S;P;S;S;P;P;P;S;CS;S;S;S;P;S;P;P;P;S;S;S;S;CS;C;P;-;CS;S;S;S;S;S;S;S;S;S;S;S;S;S;S;S;S;S;S;S;S;S;S;S;S;S;S;S;S;S;S;S;S;S;S;S;S;S;S;S;S;S;S;S;S;S;S;S;S;S;S;S;S
[76 - 80];S;S;S;P;P;S;P;P;P;S;S;P;P;S;S;S;P;S;S;P;P;P;S;S;S;S;S;P;S;P;P;P;S;S;S;S;S;S;P;CS;-;C;CS;S;S;S;S;S;S;S;S;S;S;S;S;S;S;S;S;S;S;S;S;S;S;S;S;S;S;S;S;S;S;S;S;S;S;S;S;S;S;S;S;S;S;S;S;S;S;S;S;S;S
[79 - 83];S;S;S;P;P;S;P;P;P;S;S;P;P;S;S;S;P;S;S;P;P;P;S;S;S;S;S;P;S;P;P;P;S;S;S;S;S;S;P;S;C;-;C;C;C;C;CS;CS;S;S;S;S;S;S;S;S;S;S;S;S;S;S;S;S;S;S;S;S;S;S;S;S;S;S;S;S;S;S;S;S;S;S;S;S;S;S;S;S;S;S;S;S;S
[80 - 84];S;S;S;P;P;S;P;P;P;S;S;P;P;S;S;S;P;S;S;P;P;P;S;S;S;S;S;P;S;P;P;P;S;S;S;S;S;S;P;S;CS;C;-;C;C;C;C;C;CS;S;S;S;S;S;S;S;S;S;S;S;S;S;S;S;S;S;S;S;S;S;S;S;S;S;S;S;S;S;S;S;S;S;S;S;S;S;S;S;S;S;S;S;S
[82 - 86];S;S;S;P;P;S;P;P;P;S;S;P;P;S;S;S;P;S;S;P;P;P;S;S;S;S;S;P;S;P;P;P;S;S;S;S;S;S;P;S;S;C;C;-;CP;CP;C;C;C;S;S;S;S;S;S;S;S;S;S;S;S;S;S;S;S;S;S;S;S;S;S;S;S;S;S;S;S;S;S;S;S;S;S;S;S;S;S;S;S;S;S;S;S
[82 - 125];S;S;S;P;C;S;C;C;C;S;S;C;C;S;S;S;P;S;S;P;P;P;S;S;S;S;S;P;S;P;P;P;S;S;S;S;S;S;P;S;S;C;C;CP-1;-;CP;P-1;P-1;P-1;P-1;P-1;P-1;P-1;P-1;P-1;P-1;P-1;P-1;C;P-1;P-1;C;P-1;C;S;S;S;S;S;S;S;S;S;S;S;S;S;S;S;S;S;S;S;S;S;S;S;S;S;S;S;S;S
[82 - 135];S;S;S;P;C;S;C;C;C;S;S;C;C;S;S;S;P;S;S;P;P;P;S;S;S;S;S;P;S;P;P;P;S;S;S;S;S;S;P;S;S;C;C;CP-1;CP-1;-;P-1;P-1;P-1;P-1;P-1;P-1;P-1;P-1;P-1;P-1;P-1;P-1;C;P-1;P-1;C;P-1;P-1;C;C;C;C;CS;S;S;S;S;S;S;S;S;S;S;S;S;S;S;S;S;S;S;S;S;S;S;S;S
[83 - 87];S;S;S;P;P;S;P;P;P;S;S;P;P;S;S;S;P;S;S;P;P;P;S;S;S;S;S;P;S;P;P;P;S;S;S;S;S;S;P;S;S;CS;C;C;P;P;-;CP;C;CS;S;S;S;S;S;S;S;S;S;S;S;S;S;S;S;S;S;S;S;S;S;S;S;S;S;S;S;S;S;S;S;S;S;S;S;S;S;S;S;S;S;S;S
[83 - 95];S;S;S;P;P;S;P;P;P;S;S;P;P;S;S;S;P;S;S;P;P;P;S;S;S;S;S;P;S;P;P;P;S;S;S;S;S;S;P;S;S;CS;C;C;P;P;CP-1;-;P-1;P-1;C;C;S;S;S;S;S;S;S;S;S;S;S;S;S;S;S;S;S;S;S;S;S;S;S;S;S;S;S;S;S;S;S;S;S;S;S;S;S;S;S;S;S
[84 - 88];S;S;S;P;P;S;P;P;P;S;S;P;P;S;S;S;P;S;S;P;P;P;S;S;S;S;S;P;S;P;P;P;S;S;S;S;S;S;P;S;S;S;CS;C;P;P;C;P;-;C;S;S;S;S;S;S;S;S;S;S;S;S;S;S;S;S;S;S;S;S;S;S;S;S;S;S;S;S;S;S;S;S;S;S;S;S;S;S;S;S;S;S;S
[87 - 94];S;S;S;P;P;S;P;P;P;S;S;P;P;S;S;S;P;S;S;P;P;P;S;S;S;S;S;P;S;P;P;P;S;S;S;S;S;S;P;S;S;S;S;S;P;P;CS;P;C;-;C;C;S;S;S;S;S;S;S;S;S;S;S;S;S;S;S;S;S;S;S;S;S;S;S;S;S;S;S;S;S;S;S;S;S;S;S;S;S;S;S;S;S
[90 - 122];S;S;S;P;C;S;C;C;C;S;S;C;C;S;S;S;P;S;S;P;P;P;S;S;S;S;S;P;S;P;P;P;S;S;S;S;S;S;P;S;S;S;S;S;P;P;S;C;S;C;-;P-1;P-1;P-1;P-1;P-1;P-1;P-1;C;P-1;P-1;C;C;S;S;S;S;S;S;S;S;S;S;S;S;S;S;S;S;S;S;S;S;S;S;S;S;S;S;S;S;S;S
[92 - 101];S;S;S;P;C;S;C;P;P;S;S;P;P;S;S;S;P;S;S;P;P;P;S;S;S;S;S;P;S;P;P;P;S;S;S;S;S;S;P;S;S;S;S;S;P;P;S;C;S;C;P;-;S;S;S;S;S;S;S;S;S;S;S;S;S;S;S;S;S;S;S;S;S;S;S;S;S;S;S;S;S;S;S;S;S;S;S;S;S;S;S;S;S
[103 - 107];S;S;S;P;S;S;S;C;C;S;S;P;P;S;S;S;P;S;S;P;P;P;S;S;S;S;S;P;S;P;P;P;S;S;S;S;S;S;P;S;S;S;S;S;P;P;S;S;S;S;P;S;-;CP;C;C;CS;S;S;S;S;S;S;S;S;S;S;S;S;S;S;S;S;S;S;S;S;S;S;S;S;S;S;S;S;S;S;S;S;S;S;S;S
[103 - 112];S;S;S;P;S;S;S;C;C;S;S;C;C;S;S;S;P;S;S;P;P;P;S;S;S;S;S;P;S;P;P;P;S;S;S;S;S;S;P;S;S;S;S;S;P;P;S;S;S;S;P;S;CP-1;-;P-1;CP-1;CP-1;C;C;CS;S;S;S;S;S;S;S;S;S;S;S;S;S;S;S;S;S;S;S;S;S;S;S;S;S;S;S;S;S;S;S;S;S
[104 - 108];S;S;S;P;S;S;S;C;C;S;S;CP;P;S;S;S;P;S;S;P;P;P;S;S;S;S;S;P;S;P;P;P;S;S;S;S;S;S;P;S;S;S;S;S;P;P;S;S;S;S;P;S;C;P;-;C;C;S;S;S;S;S;S;S;S;S;S;S;S;S;S;S;S;S;S;S;S;S;S;S;S;S;S;S;S;S;S;S;S;S;S;S;S
[106 - 112];S;S;S;P;S;S;S;S;S;S;S;C;C;S;S;S;P;S;S;P;P;P;S;S;S;S;S;P;S;P;P;P;S;S;S;S;S;S;P;S;S;S;S;S;P;P;S;S;S;S;P;S;C;CP;C;-;CP-1;C;C;CS;S;S;S;S;S;S;S;S;S;S;S;S;S;S;S;S;S;S;S;S;S;S;S;S;S;S;S;S;S;S;S;S;S
[107 - 112];S;S;S;P;S;S;S;S;S;S;S;C;C;S;S;S;P;S;S;P;P;P;S;S;S;S;S;P;S;P;P;P;S;S;S;S;S;S;P;S;S;S;S;S;P;P;S;S;S;S;P;S;CS;CP;C;CP;-;C;C;CS;S;S;S;S;S;S;S;S;S;S;S;S;S;S;S;S;S;S;S;S;S;S;S;S;S;S;S;S;S;S;S;S;S
[111 - 115];S;S;S;P;S;S;S;S;S;S;S;S;S;S;S;S;P;S;S;P;P;P;S;S;S;S;S;P;S;P;P;P;S;S;S;S;S;S;P;S;S;S;S;S;P;P;S;S;S;S;P;S;S;C;S;C;C;-;CP;C;S;S;S;S;S;S;S;S;S;S;S;S;S;S;S;S;S;S;S;S;S;S;S;S;S;S;S;S;S;S;S;S;S
[111 - 207];S;S;S;C;S;S;S;S;S;S;S;S;S;S;S;S;P;S;S;P;P;P;S;S;S;S;S;C;S;C;C;C;S;S;S;S;S;S;C;S;S;S;S;S;C;C;S;S;S;S;C;S;S;C;S;C;C;CP-1;-;P-1;P-1;P-1;P-1;P-1;P-1;P-1;P-1;P-1;P-1;C;P-1;P-1;P-1;P-1;P-1;P-1;P-1;P-1;P-1;P-1;P-1;P-1;C;C;C;P-1;C;S;S;S;S;S;S
[112 - 116];S;S;S;P;S;S;S;S;S;S;S;S;S;S;S;S;P;S;S;P;P;P;S;S;S;S;S;P;S;P;P;P;S;S;S;S;S;S;P;S;S;S;S;S;P;P;S;S;S;S;P;S;S;CS;S;CS;CS;C;P;-;CS;S;S;S;S;S;S;S;S;S;S;S;S;S;S;S;S;S;S;S;S;S;S;S;S;S;S;S;S;S;S;S;S
[116 - 120];S;S;S;P;S;S;S;S;S;S;S;S;S;S;S;S;P;S;S;P;P;P;S;S;S;S;S;P;S;P;P;P;S;S;S;S;S;S;P;S;S;S;S;S;P;P;S;S;S;S;P;S;S;S;S;S;S;S;P;CS;-;C;C;S;S;S;S;S;S;S;S;S;S;S;S;S;S;S;S;S;S;S;S;S;S;S;S;S;S;S;S;S;S
[117 - 203];S;S;S;C;S;S;S;S;S;S;S;S;S;S;S;S;P;S;S;P;P;P;S;S;S;S;S;C;S;C;C;C;S;S;S;S;S;S;C;S;S;S;S;S;C;C;S;S;S;S;C;S;S;S;S;S;S;S;P;S;C;-;P-1;P-1;P-1;P-1;P-1;P-1;P-1;C;P-1;P-1;P-1;P-1;P-1;P-1;P-1;P-1;P-1;P-1;P-1;P-1;C;C;C;C;S;S;S;S;S;S;S
[119 - 123];S;S;S;P;S;S;S;S;S;S;S;S;S;S;S;S;P;S;S;P;P;P;S;S;S;S;S;P;S;P;P;P;S;S;S;S;S;S;P;S;S;S;S;S;P;P;S;S;S;S;C;S;S;S;S;S;S;S;P;S;C;P;-;S;S;S;S;S;S;S;S;S;S;S;S;S;S;S;S;S;S;S;S;S;S;S;S;S;S;S;S;S;S
[124 - 128];S;S;S;P;S;S;S;S;S;S;S;S;S;S;S;S;P;S;S;P;P;P;S;S;S;S;S;P;S;P;P;P;S;S;S;S;S;S;P;S;S;S;S;S;C;P;S;S;S;S;S;S;S;S;S;S;S;S;P;S;S;P;S;-;CS;S;S;S;S;S;S;S;S;S;S;S;S;S;S;S;S;S;S;S;S;S;S;S;S;S;S;S;S
[128 - 186];S;S;S;C;S;S;S;S;S;S;S;S;S;S;S;S;P;S;S;P;P;P;S;S;S;S;S;C;S;C;C;C;S;S;S;S;S;S;C;S;S;S;S;S;S;C;S;S;S;S;S;S;S;S;S;S;S;S;P;S;S;P;S;CS;-;P-1;P-1;CP-1;P-1;C;P-1;P-1;P-1;P-1;P-1;P-1;P-1;P-1;CS;S;S;S;S;S;S;S;S;S;S;S;S;S;S
[132 - 136];S;S;S;P;S;S;S;S;S;S;S;S;S;S;S;S;P;S;S;P;P;P;S;S;S;S;S;P;S;P;P;P;S;S;S;S;S;S;P;S;S;S;S;S;S;C;S;S;S;S;S;S;S;S;S;S;S;S;P;S;S;P;S;S;P;-;C;C;C;S;S;S;S;S;S;S;S;S;S;S;S;S;S;S;S;S;S;S;S;S;S;S;S
[134 - 138];S;S;S;P;S;S;S;S;S;S;S;S;S;S;S;S;P;S;S;P;P;P;S;S;S;S;S;P;S;P;P;P;S;S;S;S;S;S;P;S;S;S;S;S;S;C;S;S;S;S;S;S;S;S;S;S;S;S;P;S;S;P;S;S;P;C;-;CP;C;S;S;S;S;S;S;S;S;S;S;S;S;S;S;S;S;S;S;S;S;S;S;S;S
[134 - 186];S;S;S;C;S;S;S;S;S;S;S;S;S;S;S;S;P;S;S;P;P;P;S;S;S;S;S;C;S;C;C;C;S;S;S;S;S;S;C;S;S;S;S;S;S;C;S;S;S;S;S;S;S;S;S;S;S;S;P;S;S;P;S;S;CP;C;CP-1;-;P-1;C;P-1;P-1;P-1;P-1;P-1;P-1;P-1;P-1;CS;S;S;S;S;S;S;S;S;S;S;S;S;S;S
[135 - 139];S;S;S;CP;S;S;S;S;S;S;S;S;S;S;S;S;P;S;S;P;P;P;S;S;S;S;S;P;S;P;P;P;S;S;S;S;S;S;P;S;S;S;S;S;S;CS;S;S;S;S;S;S;S;S;S;S;S;S;P;S;S;P;S;S;P;C;C;P;-;S;S;S;S;S;S;S;S;S;S;S;S;S;S;S;S;S;S;S;S;S;S;S;S
[147 - 243];S;S;S;S;S;S;S;S;S;S;S;S;S;S;S;S;C;S;S;C;C;C;S;S;S;S;S;C;S;C;C;C;S;S;S;S;S;S;S;S;S;S;S;S;S;S;S;S;S;S;S;S;S;S;S;S;S;S;C;S;S;C;S;S;C;S;S;C;S;-;P-1;P-1;P-1;P-1;P-1;P-1;P-1;P-1;P-1;P-1;P-1;P-1;C;C;C;P-1;P-1;P-1;P-1;P-1;P-1;P-1;P-1
[152 - 158];S;S;S;S;S;S;S;S;S;S;S;S;S;S;S;S;P;S;S;P;P;P;S;S;S;S;S;P;S;C;C;C;S;S;S;S;S;S;S;S;S;S;S;S;S;S;S;S;S;S;S;S;S;S;S;S;S;S;P;S;S;P;S;S;P;S;S;P;S;P;-;C;S;S;S;S;S;S;S;S;S;S;S;S;S;S;S;S;S;S;S;S;S
[155 - 159];S;S;S;S;S;S;S;S;S;S;S;S;S;S;S;S;P;S;S;P;P;P;S;S;S;S;S;P;S;C;S;S;S;S;S;S;S;S;S;S;S;S;S;S;S;S;S;S;S;S;S;S;S;S;S;S;S;S;P;S;S;P;S;S;P;S;S;P;S;P;C;-;S;S;S;S;S;S;S;S;S;S;S;S;S;S;S;S;S;S;S;S;S
[160 - 164];S;S;S;S;S;S;S;S;S;S;S;S;S;S;S;S;P;S;S;P;P;P;S;S;S;S;S;P;S;S;S;S;S;S;S;S;S;S;S;S;S;S;S;S;S;S;S;S;S;S;S;S;S;S;S;S;S;S;P;S;S;P;S;S;P;S;S;P;S;P;S;S;-;S;S;S;S;S;S;S;S;S;S;S;S;S;S;S;S;S;S;S;S
[167 - 171];S;S;S;S;S;S;S;S;S;S;S;S;S;S;S;S;P;S;S;P;P;P;S;S;S;S;S;S;S;S;S;S;S;S;S;S;S;S;S;S;S;S;S;S;S;S;S;S;S;S;S;S;S;S;S;S;S;S;P;S;S;P;S;S;P;S;S;P;S;P;S;S;S;-;C;CS;S;S;S;S;S;S;S;S;S;S;S;S;S;S;S;S;S
[169 - 173];S;S;S;S;S;S;S;S;S;S;S;S;S;S;S;S;P;S;S;P;P;P;S;S;S;S;S;S;S;S;S;S;S;S;S;S;S;S;S;S;S;S;S;S;S;S;S;S;S;S;S;S;S;S;S;S;S;S;P;S;S;P;S;S;P;S;S;P;S;P;S;S;S;C;-;C;CS;S;S;S;S;S;S;S;S;S;S;S;S;S;S;S;S
[171 - 175];S;S;S;S;S;S;S;S;S;S;S;S;S;S;S;S;P;S;S;P;P;P;S;S;S;S;S;S;S;S;S;S;S;S;S;S;S;S;S;S;S;S;S;S;S;S;S;S;S;S;S;S;S;S;S;S;S;S;P;S;S;P;S;S;P;S;S;P;S;P;S;S;S;CS;C;-;C;S;S;S;S;S;S;S;S;S;S;S;S;S;S;S;S
[173 - 177];S;S;S;S;S;S;S;S;S;S;S;S;S;S;S;S;P;S;S;P;P;P;S;S;S;S;S;S;S;S;S;S;S;S;S;S;S;S;S;S;S;S;S;S;S;S;S;S;S;S;S;S;S;S;S;S;S;S;P;S;S;P;S;S;P;S;S;P;S;P;S;S;S;S;CS;C;-;S;S;S;S;S;S;S;S;S;S;S;S;S;S;S;S
[180 - 184];S;S;S;S;S;S;S;S;S;S;S;S;S;S;S;S;P;S;S;P;P;P;S;S;S;S;S;S;S;S;S;S;S;S;S;S;S;S;S;S;S;S;S;S;S;S;S;S;S;S;S;S;S;S;S;S;S;S;P;S;S;P;S;S;P;S;S;P;S;P;S;S;S;S;S;S;S;-;S;S;S;S;S;S;S;S;S;S;S;S;S;S;S
[186 - 190];S;S;S;S;S;S;S;S;S;S;S;S;S;S;S;S;P;S;S;P;P;P;S;S;S;S;S;S;S;S;S;S;S;S;S;S;S;S;S;S;S;S;S;S;S;S;S;S;S;S;S;S;S;S;S;S;S;S;P;S;S;P;S;S;CS;S;S;CS;S;P;S;S;S;S;S;S;S;S;-;C;C;S;S;S;S;S;S;S;S;S;S;S;S
[187 - 191];S;S;S;S;S;S;S;S;S;S;S;S;S;S;S;S;P;S;S;P;P;P;S;S;S;S;S;S;S;S;S;S;S;S;S;S;S;S;S;S;S;S;S;S;S;S;S;S;S;S;S;S;S;S;S;S;S;S;P;S;S;P;S;S;S;S;S;S;S;P;S;S;S;S;S;S;S;S;C;-;C;CS;CS;S;S;S;S;S;S;S;S;S;S
[188 - 192];S;S;S;S;S;S;S;S;S;S;S;S;S;S;S;S;P;S;S;P;P;P;S;S;S;S;S;S;S;S;S;S;S;S;S;S;S;S;S;S;S;S;S;S;S;S;S;S;S;S;S;S;S;S;S;S;S;S;P;S;S;P;S;S;S;S;S;S;S;P;S;S;S;S;S;S;S;S;C;C;-;C;C;S;S;S;S;S;S;S;S;S;S
[191 - 195];S;S;S;S;S;S;S;S;S;S;S;S;S;S;S;S;P;S;S;P;P;P;S;S;S;S;S;S;S;S;S;S;S;S;S;S;S;S;S;S;S;S;S;S;S;S;S;S;S;S;S;S;S;S;S;S;S;S;P;S;S;P;S;S;S;S;S;S;S;P;S;S;S;S;S;S;S;S;S;CS;C;-;CP;CS;CS;S;S;S;S;S;S;S;S
[191 - 248];S;S;S;S;S;S;S;S;S;S;S;S;S;S;S;S;C;S;S;C;C;C;S;S;S;S;S;S;S;S;S;S;S;S;S;S;S;S;S;S;S;S;S;S;S;S;S;S;S;S;S;S;S;S;S;S;S;S;C;S;S;C;S;S;S;S;S;S;S;C;S;S;S;S;S;S;S;S;S;CS;C;CP-1;-;P-1;CP-1;P-1;P-1;P-1;P-1;P-1;P-1;P-1;P-1
[195 - 247];S;S;S;S;S;S;S;S;S;S;S;S;S;S;S;S;C;S;S;C;C;C;S;S;S;S;S;S;S;S;S;S;S;S;S;S;S;S;S;S;S;S;S;S;S;S;S;S;S;S;S;S;S;S;S;S;S;S;C;S;S;C;S;S;S;S;S;S;S;C;S;S;S;S;S;S;S;S;S;S;S;CS;P;-;CP;P-1;P-1;P-1;P-1;P-1;P-1;P-1;P-1
[195 - 248];S;S;S;S;S;S;S;S;S;S;S;S;S;S;S;S;C;S;S;C;C;C;S;S;S;S;S;S;S;S;S;S;S;S;S;S;S;S;S;S;S;S;S;S;S;S;S;S;S;S;S;S;S;S;S;S;S;S;C;S;S;C;S;S;S;S;S;S;S;C;S;S;S;S;S;S;S;S;S;S;S;CS;CP;CP-1;-;P-1;P-1;P-1;P-1;P-1;P-1;P-1;P-1
[201 - 205];S;S;S;S;S;S;S;S;S;S;S;S;S;S;S;S;P;S;S;P;P;P;S;S;S;S;S;S;S;S;S;S;S;S;S;S;S;S;S;S;S;S;S;S;S;S;S;S;S;S;S;S;S;S;S;S;S;S;P;S;S;C;S;S;S;S;S;S;S;P;S;S;S;S;S;S;S;S;S;S;S;S;P;P;P;-;S;S;S;S;S;S;S
[206 - 210];S;S;S;S;S;S;S;S;S;S;S;S;S;S;S;S;P;S;S;P;P;P;S;S;S;S;S;S;S;S;S;S;S;S;S;S;S;S;S;S;S;S;S;S;S;S;S;S;S;S;S;S;S;S;S;S;S;S;C;S;S;S;S;S;S;S;S;S;S;P;S;S;S;S;S;S;S;S;S;S;S;S;P;P;P;S;-;S;S;S;S;S;S
[211 - 215];S;S;S;S;S;S;S;S;S;S;S;S;S;S;S;S;P;S;S;P;P;P;S;S;S;S;S;S;S;S;S;S;S;S;S;S;S;S;S;S;S;S;S;S;S;S;S;S;S;S;S;S;S;S;S;S;S;S;S;S;S;S;S;S;S;S;S;S;S;P;S;S;S;S;S;S;S;S;S;S;S;S;P;P;P;S;S;-;S;S;S;S;S
[226 - 230];S;S;S;S;S;S;S;S;S;S;S;S;S;S;S;S;S;S;S;S;S;CS;S;S;S;S;S;S;S;S;S;S;S;S;S;S;S;S;S;S;S;S;S;S;S;S;S;S;S;S;S;S;S;S;S;S;S;S;S;S;S;S;S;S;S;S;S;S;S;P;S;S;S;S;S;S;S;S;S;S;S;S;P;P;P;S;S;S;-;C;C;C;S
[227 - 231];S;S;S;S;S;S;S;S;S;S;S;S;S;S;S;S;S;S;S;S;S;S;S;S;S;S;S;S;S;S;S;S;S;S;S;S;S;S;S;S;S;S;S;S;S;S;S;S;S;S;S;S;S;S;S;S;S;S;S;S;S;S;S;S;S;S;S;S;S;P;S;S;S;S;S;S;S;S;S;S;S;S;P;P;P;S;S;S;C;-;C;C;S
[228 - 232];S;S;S;S;S;S;S;S;S;S;S;S;S;S;S;S;S;S;S;S;S;S;S;S;S;S;S;S;S;S;S;S;S;S;S;S;S;S;S;S;S;S;S;S;S;S;S;S;S;S;S;S;S;S;S;S;S;S;S;S;S;S;S;S;S;S;S;S;S;P;S;S;S;S;S;S;S;S;S;S;S;S;P;P;P;S;S;S;C;C;-;C;S
[229 - 233];S;S;S;S;S;S;S;S;S;S;S;S;S;S;S;S;S;S;S;S;S;S;S;S;S;S;S;S;S;S;S;S;S;S;S;S;S;S;S;S;S;S;S;S;S;S;S;S;S;S;S;S;S;S;S;S;S;S;S;S;S;S;S;S;S;S;S;S;S;P;S;S;S;S;S;S;S;S;S;S;S;S;P;P;P;S;S;S;C;C;C;-;S
[235 - 239];S;S;S;S;S;S;S;S;S;S;S;S;S;S;S;S;S;S;S;S;S;S;S;S;S;S;S;S;S;S;S;S;S;S;S;S;S;S;S;S;S;S;S;S;S;S;S;S;S;S;S;S;S;S;S;S;S;S;S;S;S;S;S;S;S;S;S;S;S;P;S;S;S;S;S;S;S;S;S;S;S;S;P;P;P;S;S;S;S;S;S;S;-
